rir|cc|type|asn|size|alloc_date|status|opaqueid
afrinic|ZA|asn|1228|1|19910301|allocated|F36B9F4B
afrinic|ZA|asn|1229|1|19910301|allocated|F36B9F4B
afrinic|ZA|asn|1230|1|19910301|allocated|F36B9F4B
afrinic|ZA|asn|1231|1|19910301|allocated|F36B9F4B
afrinic|ZA|asn|1232|1|19910301|allocated|F36B9F4B
afrinic|ZA|asn|2018|1|20010307|allocated|F36B9F4B
afrinic|EG|asn|2561|1|20070920|allocated|F3648BE1
afrinic|ZA|asn|2905|1|19930910|allocated|F367678F
afrinic|ZA|asn|3067|1|19931029|allocated|F367BC5B
afrinic|ZA|asn|3068|1|19931029|allocated|F367BC5B
afrinic|DZ|asn|3208|1|20090928|allocated|F366B63E
afrinic|ZA|asn|3741|1|19940801|allocated|F362CFE4
afrinic|ZA|asn|4178|1|20120307|allocated|F367678F
afrinic|ZA|asn|4571|1|20010626|allocated|F367678F
afrinic|ZA|asn|5713|1|19950906|allocated|F36ED442
afrinic|ZA|asn|5734|1|19950913|allocated|F36ED442
afrinic|ZA|asn|6083|1|19951108|allocated|F36F62C3
afrinic|ZA|asn|6089|1|20151211|allocated|F36C55B7
afrinic|EG|asn|6127|1|20070920|allocated|F363ABD5
afrinic|ZA|asn|6149|1|20010307|allocated|F36B9F4B
afrinic|ZA|asn|6180|1|19951221|allocated|F36D9626
afrinic|ZA|asn|6187|1|19840101|allocated|F36771FA
afrinic|ZA|asn|6351|1|20151211|allocated|F36C55B7
afrinic|ZA|asn|6529|1|19960517|allocated|F36A776D
afrinic|ZA|asn|6560|1|19960523|allocated|F36DFF35
afrinic|MA|asn|6713|1|20070920|allocated|F36FB4CD
afrinic|EG|asn|6879|1|19961216|allocated|F363C475
afrinic|ZA|asn|6968|1|19960710|allocated|F36795C4
afrinic|ZA|asn|7020|1|19960730|allocated|F3627BD6
afrinic|ZA|asn|7154|1|19960923|allocated|F369EF34
afrinic|ZA|asn|7231|1|19961014|allocated|F36AEAB9
afrinic|ZA|asn|7390|1|19961127|allocated|F368C804
afrinic|ZM|asn|7420|1|19961206|allocated|F367AA74
afrinic|ZA|asn|7460|1|19961218|allocated|F36A27E6
afrinic|ZA|asn|7971|1|19970307|allocated|F3686F76
afrinic|ZA|asn|7972|1|19970307|allocated|F36AB59A
afrinic|ZA|asn|8094|1|19970409|allocated|F36C3DA1
afrinic|EG|asn|8524|1|20070920|allocated|F362AF0D
afrinic|ZA|asn|9129|1|20070920|allocated|F367678F
afrinic|ZA|asn|10247|1|19970523|allocated|F36D135A
afrinic|ZA|asn|10262|1|19970528|allocated|F36CA7E1
afrinic|ZA|asn|10331|1|20110815|allocated|F363F2E5
afrinic|ZA|asn|10393|1|20151211|allocated|F36C55B7
afrinic|ZA|asn|10474|1|20151211|allocated|F36C55B7
afrinic|ZA|asn|10505|1|19970828|allocated|F3614B08
afrinic|ZA|asn|10540|1|19970909|allocated|F36B4F28
afrinic|ZA|asn|10575|1|19970919|allocated|F366AAB2
afrinic|ZA|asn|10798|1|19971201|allocated|F361568D
afrinic|ZA|asn|10803|1|19971202|allocated|F36D6800
afrinic|ZA|asn|10898|1|19971219|allocated|F36107F0
afrinic|ZA|asn|11125|1|19980417|allocated|F368EFAB
afrinic|ZA|asn|11157|1|19980429|allocated|F36A9688
afrinic|AO|asn|11259|1|19980604|allocated|F362E4AF
afrinic|ZA|asn|11569|1|19981007|allocated|F367678F
afrinic|ZA|asn|11645|1|19981102|allocated|F36D2FA4
afrinic|ZA|asn|11744|1|19981204|allocated|F3651CDB
afrinic|ZA|asn|11845|1|19990114|allocated|F362E39E
afrinic|ZA|asn|12091|1|20020621|allocated|F367678F
afrinic|TZ|asn|12143|1|19990405|allocated|F36C6788
afrinic|ZA|asn|12258|1|20151211|allocated|F36C55B7
afrinic|KE|asn|12455|1|20070917|allocated|F367736D
afrinic|KE|asn|12556|1|20090115|allocated|F3658AF9
afrinic|KE|asn|13224|1|20100211|allocated|F36F4490
afrinic|ZA|asn|13854|1|19990827|allocated|F364C2C9
afrinic|ZA|asn|14115|1|19991022|allocated|F36499E8
afrinic|ZA|asn|14331|1|19991130|allocated|F36FEBF9
afrinic|ZA|asn|14516|1|19991228|allocated|F3651CDB
afrinic|BW|asn|14988|1|20000302|allocated|F36AAA81
afrinic|ZA|asn|15022|1|20000309|allocated|F36BDB53
afrinic|KE|asn|15399|1|20070919|allocated|F36724C2
afrinic|EG|asn|15475|1|20070921|allocated|F36CC4C5
afrinic|SD|asn|15706|1|20070919|allocated|F369C738
afrinic|EG|asn|15804|1|20070919|allocated|F36FA1AA
afrinic|GH|asn|15825|1|20070919|allocated|F369E2B4
afrinic|CM|asn|15964|1|20070920|allocated|F369591C
afrinic|GA|asn|16058|1|20070920|allocated|F369A96A
afrinic|DZ|asn|16214|1|20071226|allocated|F36FA8CC
afrinic|NG|asn|16284|1|20070920|allocated|F3656665
afrinic|ZA|asn|16416|1|20000426|allocated|F3655BDA
afrinic|ZA|asn|16637|1|20070920|allocated|F367678F
afrinic|ZA|asn|16800|1|20000612|allocated|F36AC63A
afrinic|KE|asn|16907|1|20070927|allocated|F36724C2
afrinic|ZA|asn|17148|1|20000731|allocated|F36F854A
afrinic|AO|asn|17400|1|20000828|allocated|F362CE41
afrinic|MU|asn|17652|1|20041105|allocated|F36D3930
afrinic|ZA|asn|18775|1|20001010|allocated|F36F294D
afrinic|ZW|asn|18922|1|20001027|allocated|F36663C2
afrinic|ZA|asn|18931|1|20001030|allocated|F36F76E3
afrinic|ZA|asn|19232|1|20001206|allocated|F36D5F23
afrinic|MU|asn|19676|1|20150202|allocated|F3668037
afrinic|SZ|asn|19711|1|20101124|allocated|F363EA80
afrinic|ZA|asn|19832|1|19971016|allocated|F3655593
afrinic|ZA|asn|19847|1|20010221|allocated|F3653581
afrinic|ZA|asn|20011|1|20010314|allocated|F362CFE4
afrinic|SC|asn|20180|1|20140402|allocated|F3639A71
afrinic|UG|asn|20294|1|20090928|allocated|F362CAB6
afrinic|NA|asn|20459|1|20010510|allocated|F363AFA1
afrinic|EG|asn|20484|1|20070920|allocated|F3662B6E
afrinic|EG|asn|20858|1|20070920|allocated|F368B581
afrinic|EG|asn|20928|1|20070920|allocated|F36E558E
afrinic|LY|asn|21003|1|20090125|allocated|F36A991D
afrinic|SC|asn|21242|1|20131224|allocated|F36D1582
afrinic|ML|asn|21271|1|20070920|allocated|F3646075
afrinic|MU|asn|21280|1|20150202|allocated|F3668037
afrinic|DZ|asn|21391|1|20070920|allocated|F36D7B35
afrinic|ZA|asn|21739|1|20140124|allocated|F3614C03
afrinic|TZ|asn|22354|1|20010914|allocated|F36C3DC5
afrinic|ZA|asn|22355|1|20010914|allocated|F361ED63
afrinic|ZA|asn|22386|1|20010920|allocated|F361E99D
afrinic|ZA|asn|22572|1|20011016|allocated|F362C7E9
afrinic|RW|asn|22690|1|20131202|allocated|F3623CAF
afrinic|NA|asn|22735|1|20130211|allocated|F3672AB7
afrinic|ZA|asn|22750|1|20011115|allocated|F369F2FA
afrinic|ZA|asn|23058|1|20020110|allocated|F364F510
afrinic|UG|asn|23549|1|20090928|allocated|F361A88E
afrinic|MU|asn|23889|1|20040910|allocated|F36D3930
afrinic|EG|asn|24736|1|20070920|allocated|F36E16E0
afrinic|ET|asn|24757|1|20070920|allocated|F367972F
afrinic|ZA|asn|24788|1|20070920|allocated|F367678F
afrinic|EG|asn|24835|1|20070920|allocated|F3625D7B
afrinic|EG|asn|24863|1|20070920|allocated|F36A6EA0
afrinic|EG|asn|24878|1|20070920|allocated|F364BF69
afrinic|EG|asn|24987|1|20070920|allocated|F3647176
afrinic|NG|asn|25163|1|20070920|allocated|F364B8E1
afrinic|GM|asn|25250|1|20070920|allocated|F36CF124
afrinic|EG|asn|25362|1|20070920|allocated|F36523AC
afrinic|EG|asn|25364|1|20070920|allocated|F3685BD8
afrinic|BF|asn|25543|1|20070920|allocated|F36C01B9
afrinic|KE|asn|25568|1|20100301|allocated|F36BFEDB
afrinic|EG|asn|25576|1|20070920|allocated|F3647176
afrinic|LS|asn|25695|1|20020419|allocated|F3644FCC
afrinic|ZA|asn|25726|1|20140116|allocated|F36DB492
afrinic|ZA|asn|25793|1|20150505|allocated|F3652E81
afrinic|ZA|asn|25818|1|20100210|allocated|F3696E5F
afrinic|ZA|asn|26106|1|20020708|allocated|F36FF488
afrinic|NE|asn|26130|1|20131129|allocated|F3645A60
afrinic|ZA|asn|26422|1|20020915|allocated|F36E0307
afrinic|ZA|asn|26754|1|19971011|allocated|F36EDFF0
afrinic|ZW|asn|27576|1|20030403|allocated|F36663C2
afrinic|ZA|asn|27598|1|20070920|allocated|F362CFE4
afrinic|BJ|asn|28683|1|20100311|allocated|F3660940
afrinic|ZA|asn|28698|1|20070920|allocated|F367678F
afrinic|EG|asn|28913|1|20070920|allocated|F36E170A
afrinic|NG|asn|29091|1|20070920|allocated|F36CC8EB
afrinic|GH|asn|29340|1|20090114|allocated|F3698984
afrinic|EG|asn|29428|1|20070920|allocated|F36EAAB5
afrinic|EG|asn|29495|1|20070920|allocated|F3690832
afrinic|MR|asn|29544|1|20120621|allocated|F369DA57
afrinic|CI|asn|29571|1|20171229|allocated|F36F731F
afrinic|GH|asn|29614|1|20070920|allocated|F36DE42D
afrinic|GH|asn|29674|1|20070920|allocated|F36419B7
afrinic|ZA|asn|29918|1|20030609|allocated|F3627EC7
afrinic|ZA|asn|29975|1|20030618|allocated|F364712F
afrinic|MZ|asn|30619|1|20031120|allocated|F367B12B
afrinic|KE|asn|30896|1|20090928|allocated|F3616B73
afrinic|GH|asn|30980|1|20070920|allocated|F361E3DB
afrinic|TG|asn|30982|1|20140124|allocated|F36F9EA7
afrinic|MA|asn|30983|1|20040521|allocated|F36F0133
afrinic|NG|asn|30984|1|20050125|allocated|F3698DD0
afrinic|ML|asn|30985|1|20040609|allocated|F367CD72
afrinic|GH|asn|30986|1|20040614|allocated|F3681ED0
afrinic|ER|asn|30987|1|20040621|allocated|F36E18D5
afrinic|NG|asn|30988|1|20040701|allocated|F369DB5E
afrinic|DJ|asn|30990|1|20040908|allocated|F36426B7
afrinic|CM|asn|30992|1|20100212|allocated|F363DCF2
afrinic|EG|asn|30993|1|20041222|allocated|F361653A
afrinic|KE|asn|30994|1|20050124|allocated|F367736D
afrinic|EG|asn|30995|1|20050202|allocated|F3625D7B
afrinic|ZA|asn|30996|1|19961014|allocated|F36EDFF0
afrinic|GH|asn|30997|1|20050308|allocated|F366E4FD
afrinic|NG|asn|30998|1|20050309|allocated|F3696694
afrinic|MU|asn|30999|1|20050322|allocated|F36FA13F
afrinic|EG|asn|31065|1|20070920|allocated|F36E16E0
afrinic|TN|asn|31245|1|20070920|allocated|F36D2155
afrinic|EG|asn|31619|1|20070920|allocated|F36ADE80
afrinic|TZ|asn|31810|1|20031230|allocated|F3698200
afrinic|ZW|asn|31856|1|20120307|allocated|F3687682
afrinic|MZ|asn|31960|1|20040130|allocated|F36CCA89
afrinic|MZ|asn|32017|1|20040210|allocated|F3679127
afrinic|BW|asn|32279|1|20050915|allocated|F36567EB
afrinic|SZ|asn|32398|1|20040427|allocated|F3664019
afrinic|ZA|asn|32437|1|20040503|allocated|F36D7629
afrinic|ZA|asn|32653|1|20040623|allocated|F36D9B5B
afrinic|ZA|asn|32714|1|20040708|allocated|F36BA64D
afrinic|AO|asn|32717|1|20040709|allocated|F3616D6F
afrinic|CD|asn|32842|1|20040804|allocated|F362222B
afrinic|TZ|asn|32860|1|20040810|allocated|F36FA904
afrinic|LS|asn|33567|1|20050124|allocated|F36DBC4B
afrinic|ZA|asn|33579|1|20050126|allocated|F3627EC7
afrinic|ZA|asn|33762|1|20040929|allocated|F365B26F
afrinic|NA|asn|33763|1|20041029|allocated|F361474A
afrinic|MU|asn|33764|1|20041102|allocated|F3634D22
afrinic|TZ|asn|33765|1|20090129|allocated|F36BABCB
afrinic|ZA|asn|33766|1|20050119|allocated|F36472E5
afrinic|LS|asn|33767|1|20050125|allocated|F36DBC4B
afrinic|ZA|asn|33768|1|20050127|allocated|F3663E87
afrinic|ZA|asn|33769|1|20050131|allocated|F367DDE6
afrinic|KE|asn|33770|1|20050324|allocated|F36C2CF4
afrinic|KE|asn|33771|1|20050411|allocated|F3682104
afrinic|TZ|asn|33772|1|20050412|allocated|F366BF87
afrinic|MW|asn|33773|1|20050504|allocated|F36F1F90
afrinic|DZ|asn|33774|1|20050506|allocated|F3651B12
afrinic|EG|asn|33777|1|20091118|allocated|F36EAAB5
afrinic|EG|asn|33778|1|20050606|allocated|F36D02DB
afrinic|DZ|asn|33779|1|20050608|allocated|F36BE2ED
afrinic|GH|asn|33780|1|20050620|allocated|F3685205
afrinic|BW|asn|33781|1|20050706|allocated|F364DE0F
afrinic|EG|asn|33782|1|20050711|allocated|F364BF69
afrinic|ZA|asn|33784|1|20050714|allocated|F36C1C06
afrinic|EG|asn|33785|1|20050714|allocated|F36BC80A
afrinic|GH|asn|33786|1|20050725|allocated|F3669EE9
afrinic|SD|asn|33788|1|20100216|allocated|F36B324B
afrinic|EG|asn|33789|1|20050725|allocated|F36E16E0
afrinic|ZA|asn|33790|1|20150122|allocated|F36C5323
afrinic|TZ|asn|33791|1|20050802|allocated|F36FEA6B
afrinic|ML|asn|36864|1|20050808|allocated|F36A7FC6
afrinic|MZ|asn|36865|1|20050808|allocated|F36822DF
afrinic|KE|asn|36866|1|20050809|allocated|F365F5F9
afrinic|SC|asn|36867|1|20050818|allocated|F36A7021
afrinic|MU|asn|36868|1|20160229|allocated|F369A478
afrinic|EG|asn|36870|1|20050829|allocated|F366B479
afrinic|ZA|asn|36871|1|20051004|allocated|F36FFEB0
afrinic|NG|asn|36872|1|20130531|allocated|F36B4076
afrinic|NG|asn|36873|1|20051024|allocated|F36FE55F
afrinic|ZA|asn|36874|1|20051025|allocated|F36472E5
afrinic|ZA|asn|36875|1|20051031|allocated|F36AD47F
afrinic|UG|asn|36876|1|20051102|allocated|F36A36C8
afrinic|ZA|asn|36877|1|20051109|allocated|F36FFEB0
afrinic|DZ|asn|36879|1|20051117|allocated|F368A22B
afrinic|GA|asn|36880|1|20051129|allocated|F3637F0D
afrinic|AO|asn|36881|1|20051207|allocated|F364B25E
afrinic|MU|asn|36882|1|20051213|allocated|F36F9FED
afrinic|MA|asn|36884|1|20071228|allocated|F36F86B6
afrinic|EG|asn|36885|1|20060104|allocated|F36E16E0
afrinic|NG|asn|36887|1|20060116|allocated|F36DCCF2
afrinic|ZA|asn|36889|1|20060131|allocated|F36F48E9
afrinic|RW|asn|36890|1|20060206|allocated|F3642818
afrinic|DZ|asn|36891|1|20060214|allocated|F363DDF3
afrinic|SS|asn|36892|1|20150713|allocated|F36D00DA
afrinic|EG|asn|36893|1|20060301|allocated|F366BB93
afrinic|MU|asn|36894|1|20060313|allocated|F363F987
afrinic|ZA|asn|36898|1|20120810|allocated|F3665855
afrinic|UG|asn|36901|1|20060428|allocated|F361A88E
afrinic|SC|asn|36902|1|20060504|allocated|F364ECB6
afrinic|MA|asn|36903|1|20060523|allocated|F36FB4CD
afrinic|KE|asn|36904|1|20121005|allocated|F3697140
afrinic|CM|asn|36905|1|20060601|allocated|F3655D2C
afrinic|EG|asn|36906|1|20060607|allocated|F36D4924
afrinic|AO|asn|36907|1|20060609|allocated|F363918A
afrinic|TZ|asn|36908|1|20060801|allocated|F36B2D09
afrinic|TZ|asn|36909|1|20060801|allocated|F36FA5EA
afrinic|ZA|asn|36910|1|20141110|allocated|F366CADE
afrinic|NG|asn|36911|1|20060804|allocated|F36DCCF2
afrinic|CM|asn|36912|1|20060808|allocated|F36E4B69
afrinic|MW|asn|36913|1|20151029|allocated|F36CF917
afrinic|KE|asn|36914|1|20060915|allocated|F3615A34
afrinic|KE|asn|36915|1|20080312|allocated|F361C3A1
afrinic|ZA|asn|36916|1|20060928|allocated|F3669D6B
afrinic|AO|asn|36917|1|20061012|allocated|F36AAA2F
afrinic|ZA|asn|36919|1|20061018|allocated|F36986DD
afrinic|NG|asn|36920|1|20061031|allocated|F365052E
afrinic|NG|asn|36921|1|20061107|allocated|F36DCCF2
afrinic|NG|asn|36922|1|20061115|allocated|F36F2720
afrinic|NG|asn|36923|1|20061115|allocated|F36A2299
afrinic|BJ|asn|36924|1|20160620|allocated|F36E635C
afrinic|MA|asn|36925|1|20061128|allocated|F364AE44
afrinic|KE|asn|36926|1|20061204|allocated|F3680B36
afrinic|SL|asn|36928|1|20061213|allocated|F363B7AB
afrinic|EG|asn|36929|1|20061213|allocated|F36354DD
afrinic|TZ|asn|36930|1|20061218|allocated|F3696DE6
afrinic|ZA|asn|36931|1|20061229|allocated|F3694115
afrinic|NG|asn|36932|1|20070116|allocated|F364814F
afrinic|NG|asn|36933|1|20070122|allocated|F36FDDEE
afrinic|RW|asn|36934|1|20190226|allocated|F363ADF7
afrinic|EG|asn|36935|1|20070202|allocated|F3625D7B
afrinic|AO|asn|36936|1|20121217|allocated|F36DA288
afrinic|ZA|asn|36937|1|20070222|allocated|F36CAF37
afrinic|NG|asn|36938|1|20120612|allocated|F3654AEE
afrinic|KM|asn|36939|1|20070319|allocated|F3668DF0
afrinic|NG|asn|36940|1|20160816|allocated|F364814F
afrinic|MA|asn|36941|1|20070327|allocated|F36C5814
afrinic|MU|asn|36942|1|20150202|allocated|F3668037
afrinic|ZA|asn|36943|1|20180924|allocated|F3611BE3
afrinic|ZA|asn|36944|1|20070420|allocated|F36A53F0
afrinic|MZ|asn|36945|1|20070423|allocated|F36D23DA
afrinic|CI|asn|36946|1|20070424|allocated|F36E6854
afrinic|DZ|asn|36947|1|20070427|allocated|F3651B12
afrinic|KE|asn|36948|1|20070427|allocated|F36EC84F
afrinic|ZA|asn|36951|1|20070518|allocated|F36F56A7
afrinic|KE|asn|36952|1|20070521|allocated|F3649ED6
afrinic|ZA|asn|36953|1|20070521|allocated|F366473B
afrinic|CM|asn|36955|1|20070524|allocated|F3656387
afrinic|MA|asn|36956|1|20070606|allocated|F36FB4CD
afrinic|NG|asn|36957|1|20070626|allocated|F36E3517
afrinic|SC|asn|36958|1|20070628|allocated|F36FFD1E
afrinic|ZM|asn|36959|1|20070702|allocated|F36C7A8F
afrinic|ZA|asn|36960|1|20070710|allocated|F367B857
afrinic|GH|asn|36961|1|20070713|allocated|F3617C41
afrinic|ZM|asn|36962|1|20070716|allocated|F362412E
afrinic|BW|asn|36963|1|20070717|allocated|F3610F96
afrinic|TZ|asn|36965|1|20070719|allocated|F36FB3ED
afrinic|KE|asn|36967|1|20070806|allocated|F3681CB0
afrinic|ZA|asn|36968|1|20070809|allocated|F366CADE
afrinic|MW|asn|36969|1|20070810|allocated|F36DE46F
afrinic|NG|asn|36970|1|20070822|allocated|F3638E56
afrinic|EG|asn|36971|1|20070824|allocated|F362E3AA
afrinic|SD|asn|36972|1|20090113|allocated|F366600B
afrinic|CI|asn|36973|1|20090128|allocated|F367EBC3
afrinic|CI|asn|36974|1|20141006|allocated|F3619C8C
afrinic|KE|asn|36975|1|20070912|allocated|F36EFFC7
afrinic|AO|asn|36976|1|20070918|allocated|F363460F
afrinic|UG|asn|36977|1|20140213|allocated|F3651D75
afrinic|EG|asn|36978|1|20070925|allocated|F36519D5
afrinic|NG|asn|36979|1|20070926|allocated|F3657122
afrinic|ZA|asn|36980|1|20071004|allocated|F36BF8EF
afrinic|DZ|asn|36981|1|20091007|allocated|F363FCFB
afrinic|ZA|asn|36982|1|20071017|allocated|F36C4E2C
afrinic|ZA|asn|36983|1|20071023|allocated|F3671347
afrinic|ZA|asn|36985|1|20071105|allocated|F36252A7
afrinic|ZW|asn|36986|1|20071106|allocated|F3689B78
afrinic|KE|asn|36987|1|20071116|allocated|F36B10B8
afrinic|SL|asn|36988|1|20090123|allocated|F36375E8
afrinic|DZ|asn|36989|1|20071120|allocated|F369D497
afrinic|EG|asn|36990|1|20110204|allocated|F36FF17C
afrinic|UG|asn|36991|1|20071204|allocated|F367BE38
afrinic|EG|asn|36992|1|20071210|allocated|F36432B6
afrinic|NG|asn|36993|1|20071210|allocated|F3611484
afrinic|ZA|asn|36994|1|20071213|allocated|F364712F
afrinic|CI|asn|36995|1|20071217|allocated|F3619C8C
afrinic|NA|asn|36996|1|20071220|allocated|F363AFA1
afrinic|UG|asn|36997|1|20071228|allocated|F368CD6F
afrinic|SD|asn|36998|1|20071228|allocated|F36DC5E5
afrinic|NA|asn|36999|1|20080108|allocated|F36F1B67
afrinic|NG|asn|37001|1|20080109|allocated|F36CF9B2
afrinic|RE|asn|37002|1|20080115|allocated|F364E67C
afrinic|EG|asn|37003|1|20080116|allocated|F36BEC17
afrinic|NG|asn|37004|1|20161115|allocated|F3653CB9
afrinic|NG|asn|37005|1|20080206|allocated|F3683CAE
afrinic|RW|asn|37006|1|20080215|allocated|F36F56A9
afrinic|BF|asn|37008|1|20080304|allocated|F3654E24
afrinic|NA|asn|37009|1|20080313|allocated|F36CC035
afrinic|RW|asn|37010|1|20080313|allocated|F3613BD0
afrinic|AO|asn|37011|1|20080314|allocated|F3634753
afrinic|GH|asn|37012|1|20080318|allocated|F36BB12F
afrinic|TZ|asn|37013|1|20080318|allocated|F36D4C7B
afrinic|BW|asn|37014|1|20080401|allocated|F364379D
afrinic|ZA|asn|37016|1|20080401|allocated|F3634E70
afrinic|ZA|asn|37017|1|20180918|allocated|F36940B5
afrinic|NG|asn|37018|1|20080418|allocated|F36B89F3
afrinic|KE|asn|37019|1|20080514|allocated|F36C72A2
afrinic|CD|asn|37020|1|20080523|allocated|F36BEA8C
afrinic|ZW|asn|37024|1|20120307|allocated|F3687682
afrinic|NG|asn|37025|1|20080708|allocated|F3632CFE
afrinic|NA|asn|37026|1|20080708|allocated|F36BF0BB
afrinic|TZ|asn|37027|1|20080710|allocated|F368BC41
afrinic|ZA|asn|37028|1|20080716|allocated|F36F854A
afrinic|GH|asn|37030|1|20080722|allocated|F36F6CA0
afrinic|EG|asn|37031|1|20080722|allocated|F36A4C75
afrinic|GH|asn|37032|1|20080724|allocated|F36BF698
afrinic|CG|asn|37033|1|20140818|allocated|F36BEE58
afrinic|CM|asn|37034|1|20080730|allocated|F36B65D4
afrinic|TZ|asn|37035|1|20080801|allocated|F364386B
afrinic|AO|asn|37036|1|20080801|allocated|F3683950
afrinic|MG|asn|37037|1|20080804|allocated|F36303B6
afrinic|NE|asn|37038|1|20080804|allocated|F3696D47
afrinic|BJ|asn|37039|1|20100430|allocated|F361BF5B
afrinic|MZ|asn|37042|1|20080812|allocated|F36D23DA
afrinic|KE|asn|37044|1|20080813|allocated|F36E0D41
afrinic|TZ|asn|37045|1|20080818|allocated|F36B1EAF
afrinic|MU|asn|37046|1|20080821|allocated|F36535BE
afrinic|ZA|asn|37049|1|20080821|allocated|F369BF27
afrinic|BW|asn|37051|1|20080905|allocated|F36E3822
afrinic|KE|asn|37052|1|20080917|allocated|F362DE23
afrinic|ZA|asn|37053|1|20080917|allocated|F362B8A8
afrinic|MG|asn|37054|1|20190208|allocated|F367F176
afrinic|ZA|asn|37055|1|20080923|allocated|F3629FF7
afrinic|NG|asn|37056|1|20080925|allocated|F36AF647
afrinic|LS|asn|37057|1|20080925|allocated|F36FAE49
afrinic|NG|asn|37058|1|20080929|allocated|F36D26B6
afrinic|AO|asn|37059|1|20080929|allocated|F362E4AF
afrinic|ZA|asn|37060|1|20080930|allocated|F36EA8F8
afrinic|KE|asn|37061|1|20081017|allocated|F3682104
afrinic|AO|asn|37062|1|20081021|allocated|F369B918
afrinic|UG|asn|37063|1|20081023|allocated|F36A31C5
afrinic|MZ|asn|37064|1|20081028|allocated|F367B12B
afrinic|EG|asn|37066|1|20081111|allocated|F36DBFF9
afrinic|GN|asn|37067|1|20161202|allocated|F361B4FD
afrinic|ZA|asn|37068|1|20081112|allocated|F36F7443
afrinic|EG|asn|37069|1|20081112|allocated|F367CC68
afrinic|MU|asn|37070|1|20081112|allocated|F36C6E89
afrinic|ZA|asn|37072|1|20100210|allocated|F3696E5F
afrinic|BF|asn|37073|1|20081114|allocated|F3650567
afrinic|GH|asn|37074|1|20081121|allocated|F367356E
afrinic|UG|asn|37075|1|20081125|allocated|F3651D75
afrinic|NG|asn|37076|1|20140814|allocated|F3663618
afrinic|NG|asn|37077|1|20081201|allocated|F36BD8C4
afrinic|ZA|asn|37078|1|20081218|allocated|F364F510
afrinic|ZA|asn|37079|1|20081220|allocated|F36E07CC
afrinic|AO|asn|37081|1|20081230|allocated|F36E0B52
afrinic|TZ|asn|37084|1|20090121|allocated|F368BC41
afrinic|TZ|asn|37085|1|20090127|allocated|F36CB8DF
afrinic|GH|asn|37087|1|20090211|allocated|F36FC75C
afrinic|NG|asn|37088|1|20090219|allocated|F3613254
afrinic|CM|asn|37089|1|20090220|allocated|F369CA26
afrinic|BJ|asn|37090|1|20090302|allocated|F36B2F8B
afrinic|EG|asn|37091|1|20171229|allocated|F3616F3E
afrinic|LR|asn|37094|1|20180821|allocated|F36AEE36
afrinic|MU|asn|37095|1|20190416|allocated|F364E8BF
afrinic|NA|asn|37096|1|20090421|allocated|F361474A
afrinic|MW|asn|37098|1|20090506|allocated|F36B33A4
afrinic|MU|asn|37100|1|20090528|allocated|F365C741
afrinic|TZ|asn|37101|1|20090529|allocated|F36662DA
afrinic|CD|asn|37102|1|20090602|allocated|F3615AD0
afrinic|GH|asn|37103|1|20090611|allocated|F3622B23
afrinic|NG|asn|37104|1|20090611|allocated|F3625038
afrinic|ZA|asn|37105|1|20090615|allocated|F3621B43
afrinic|NG|asn|37106|1|20090618|allocated|F363DF0D
afrinic|TN|asn|37107|1|20090622|allocated|F36D2155
afrinic|ML|asn|37108|1|20090623|allocated|F36462F6
afrinic|KE|asn|37109|1|20090626|allocated|F365A480
afrinic|MZ|asn|37110|1|20090626|allocated|F36E201D
afrinic|EG|asn|37112|1|20090706|allocated|F3681024
afrinic|UG|asn|37113|1|20090707|allocated|F366F250
afrinic|NG|asn|37114|1|20090709|allocated|F3656665
afrinic|ZA|asn|37116|1|20090717|allocated|F3639D7C
afrinic|SL|asn|37117|1|20090717|allocated|F36F56E0
afrinic|ZA|asn|37118|1|20090721|allocated|F36ED442
afrinic|AO|asn|37119|1|20090727|allocated|F36D0F50
afrinic|TZ|asn|37120|1|20090729|allocated|F36C4BDE
afrinic|ZA|asn|37121|1|20151209|allocated|F3646FFE
afrinic|UG|asn|37122|1|20090729|allocated|F3664D67
afrinic|ZW|asn|37123|1|20090731|allocated|F362E278
afrinic|RW|asn|37124|1|20090805|allocated|F365DED7
afrinic|NG|asn|37125|1|20090806|allocated|F3689F69
afrinic|TZ|asn|37126|1|20090813|allocated|F361AD11
afrinic|NG|asn|37127|1|20090814|allocated|F3628388
afrinic|KE|asn|37129|1|20090819|allocated|F36D9765
afrinic|ZA|asn|37130|1|20090821|allocated|F3628793
afrinic|TZ|asn|37133|1|20090825|allocated|F3689F5A
afrinic|MZ|asn|37135|1|20090826|allocated|F3655910
afrinic|BJ|asn|37136|1|20090826|allocated|F36F3383
afrinic|KE|asn|37137|1|20090827|allocated|F36341BD
afrinic|ZA|asn|37138|1|20090827|allocated|F36E3D7F
afrinic|MZ|asn|37139|1|20090827|allocated|F36F6E4A
afrinic|GH|asn|37140|1|20090827|allocated|F3642CB1
afrinic|GN|asn|37141|1|20090831|allocated|F3637EE8
afrinic|TZ|asn|37143|1|20090902|allocated|F36A854F
afrinic|NG|asn|37144|1|20090902|allocated|F3660A2B
afrinic|ZA|asn|37145|1|20090904|allocated|F36297A8
afrinic|ZM|asn|37146|1|20090914|allocated|F362CE0D
afrinic|AO|asn|37147|1|20090916|allocated|F366CAEE
afrinic|NG|asn|37148|1|20090917|allocated|F36ECAA2
afrinic|TZ|asn|37149|1|20090930|allocated|F367215B
afrinic|ZA|asn|37150|1|20091012|allocated|F36D70D9
afrinic|ZA|asn|37153|1|20091026|allocated|F36180A1
afrinic|ZM|asn|37154|1|20091108|allocated|F36F9BF2
afrinic|AO|asn|37155|1|20091116|allocated|F36C6F0E
afrinic|KE|asn|37156|1|20091123|allocated|F364399A
afrinic|ZA|asn|37157|1|20091124|allocated|F3620624
afrinic|ZA|asn|37159|1|20091125|allocated|F36406D3
afrinic|ZA|asn|37160|1|20091207|allocated|F368373E
afrinic|GH|asn|37161|1|20091211|allocated|F3660EBB
afrinic|GH|asn|37162|1|20091224|allocated|F368E260
afrinic|BF|asn|37163|1|20091224|allocated|F367B3D1
afrinic|SL|asn|37164|1|20100105|allocated|F368CD07
afrinic|KE|asn|37165|1|20100112|allocated|F36A83BB
afrinic|KE|asn|37166|1|20100120|allocated|F367D8E8
afrinic|ZA|asn|37167|1|20100120|allocated|F36ED442
afrinic|ZA|asn|37168|1|20100129|allocated|F367B857
afrinic|GA|asn|37169|1|20100202|allocated|F366E805
afrinic|NG|asn|37170|1|20100204|allocated|F36C684F
afrinic|ZA|asn|37172|1|20100205|allocated|F369671E
afrinic|GQ|asn|37173|1|20100209|allocated|F36FE7D7
afrinic|ZA|asn|37175|1|20100211|allocated|F36795C4
afrinic|MU|asn|37177|1|20100215|allocated|F3634D22
afrinic|NG|asn|37178|1|20100216|allocated|F366500F
afrinic|ZA|asn|37179|1|20100218|allocated|F368DB2A
afrinic|ZA|asn|37180|1|20100222|allocated|F36957A6
afrinic|MU|asn|37181|1|20100301|allocated|F3634D22
afrinic|TZ|asn|37182|1|20100302|allocated|F366B0C9
afrinic|ZW|asn|37183|1|20100305|allocated|F36505B2
afrinic|ZW|asn|37184|1|20100309|allocated|F3640A1C
afrinic|ZM|asn|37185|1|20090305|allocated|F365646E
afrinic|ZA|asn|37186|1|20100315|allocated|F367890A
afrinic|MW|asn|37187|1|20100319|allocated|F36BBC36
afrinic|ZA|asn|37188|1|20100322|allocated|F36BAD40
afrinic|ZW|asn|37189|1|20120307|allocated|F3687682
afrinic|CI|asn|37190|1|20100325|allocated|F36C88A1
afrinic|EG|asn|37191|1|20100330|allocated|F36B815A
afrinic|NG|asn|37192|1|20100330|allocated|F36A3983
afrinic|EG|asn|37193|1|20100401|allocated|F3623C61
afrinic|NG|asn|37194|1|20100401|allocated|F36BB5BB
afrinic|ZA|asn|37195|1|20100401|allocated|F367890A
afrinic|SN|asn|37196|1|20100406|allocated|F36E05BF
afrinic|SD|asn|37197|1|20100407|allocated|F36DA9D9
afrinic|ZA|asn|37199|1|20100412|allocated|F361D299
afrinic|NG|asn|37200|1|20100412|allocated|F365032E
afrinic|NA|asn|37201|1|20100415|allocated|F363A27E
afrinic|LR|asn|37203|1|20100416|allocated|F3683B88
afrinic|ZW|asn|37204|1|20100416|allocated|F36406B8
afrinic|NE|asn|37205|1|20100419|allocated|F36E61D1
afrinic|UG|asn|37206|1|20100422|allocated|F368499E
afrinic|NG|asn|37207|1|20100427|allocated|F363775A
afrinic|SL|asn|37208|1|20100503|allocated|F36854DC
afrinic|NG|asn|37209|1|20100506|allocated|F36FBCCD
afrinic|KE|asn|37210|1|20100506|allocated|F369B4B9
afrinic|SD|asn|37211|1|20150908|allocated|F36A2CA0
afrinic|GH|asn|37212|1|20100512|allocated|F36C6DD4
afrinic|TZ|asn|37213|1|20100513|allocated|F3656CB0
afrinic|ZM|asn|37214|1|20100514|allocated|F36935ED
afrinic|MW|asn|37215|1|20140822|allocated|F36152D2
afrinic|GH|asn|37216|1|20100520|allocated|F36784E7
afrinic|TZ|asn|37218|1|20100609|allocated|F36C5DFA
afrinic|KE|asn|37219|1|20140722|allocated|F36E70F4
afrinic|ZM|asn|37221|1|20100614|allocated|F3629417
afrinic|NG|asn|37222|1|20100615|allocated|F36C793B
afrinic|MZ|asn|37223|1|20100616|allocated|F36B51EE
afrinic|RW|asn|37224|1|20100618|allocated|F36831A0
afrinic|ZA|asn|37225|1|20100619|allocated|F361B650
afrinic|EG|asn|37226|1|20100622|allocated|F3627570
afrinic|RW|asn|37228|1|20100622|allocated|F3675C2B
afrinic|TG|asn|37229|1|20100629|allocated|F36F2F3F
afrinic|NG|asn|37230|1|20100630|allocated|F36C6B38
afrinic|ZA|asn|37231|1|20100701|allocated|F362B8A8
afrinic|GH|asn|37232|1|20100701|allocated|F36EF0C6
afrinic|NE|asn|37233|1|20100701|allocated|F36F1018
afrinic|ZA|asn|37235|1|20100709|allocated|F36F8B97
afrinic|ZA|asn|37236|1|20100712|allocated|F36312D2
afrinic|ZA|asn|37238|1|20100714|allocated|F36FFEB0
afrinic|ZA|asn|37239|1|20100716|allocated|F36F2B14
afrinic|KE|asn|37244|1|20100729|allocated|F36D349F
afrinic|KE|asn|37247|1|20100810|allocated|F36A1E1B
afrinic|NG|asn|37248|1|20100811|allocated|F36D8ADD
afrinic|NG|asn|37249|1|20100819|allocated|F366A9A8
afrinic|EG|asn|37250|1|20100819|allocated|F3620467
afrinic|ZA|asn|37251|1|20100819|allocated|F36ED442
afrinic|EG|asn|37252|1|20100824|allocated|F36804A0
afrinic|ZA|asn|37253|1|20160129|allocated|F36F40A7
afrinic|ZA|asn|37254|1|20100827|allocated|F36E8561
afrinic|GH|asn|37255|1|20100902|allocated|F3681ED0
afrinic|SD|asn|37256|1|20100909|allocated|F36582FB
afrinic|BW|asn|37257|1|20100909|allocated|F36D03D3
afrinic|NG|asn|37258|1|20100909|allocated|F362836E
afrinic|ZA|asn|37259|1|20140317|allocated|F36DD54F
afrinic|KE|asn|37261|1|20100923|allocated|F368CD38
afrinic|GH|asn|37263|1|20100929|allocated|F36FF038
afrinic|AO|asn|37264|1|20101004|allocated|F368351F
afrinic|ZA|asn|37266|1|20101008|allocated|F3663954
afrinic|AO|asn|37267|1|20101019|allocated|F36FFA34
afrinic|NG|asn|37269|1|20101021|allocated|F36EBDC4
afrinic|EG|asn|37270|1|20101022|allocated|F362DD06
afrinic|ZA|asn|37271|1|20101025|allocated|F36D8DFA
afrinic|AO|asn|37272|1|20101103|allocated|F3661896
afrinic|UG|asn|37273|1|20101104|allocated|F36BDAEA
afrinic|KE|asn|37274|1|20101104|allocated|F369B08B
afrinic|ZA|asn|37275|1|20101111|allocated|F36260C9
afrinic|ZA|asn|37276|1|20101115|allocated|F36D5F5A
afrinic|ZA|asn|37277|1|20101115|allocated|F3636185
afrinic|TZ|asn|37278|1|20130515|allocated|F364DAE8
afrinic|EG|asn|37279|1|20101123|allocated|F365E651
afrinic|NG|asn|37280|1|20101124|allocated|F369C94E
afrinic|CG|asn|37281|1|20190208|allocated|F36F51F8
afrinic|NG|asn|37282|1|20101129|allocated|F3698DD0
afrinic|LY|asn|37284|1|20101206|allocated|F367D0C5
afrinic|NG|asn|37286|1|20101216|allocated|F36B5902
afrinic|ZM|asn|37287|1|20101217|allocated|F36984F1
afrinic|SN|asn|37288|1|20101228|allocated|F36C8DB2
afrinic|GH|asn|37289|1|20110207|allocated|F36D213C
afrinic|BJ|asn|37292|1|20110225|allocated|F36BC33B
afrinic|MW|asn|37294|1|20110301|allocated|F36CF917
afrinic|NG|asn|37296|1|20110304|allocated|F36FCE1E
afrinic|NG|asn|37297|1|20110308|allocated|F36CBB02
afrinic|KE|asn|37298|1|20110308|allocated|F368155D
afrinic|LS|asn|37299|1|20110308|allocated|F3691B52
afrinic|MU|asn|37301|1|20110314|allocated|F3634D22
afrinic|ZA|asn|37302|1|20110315|allocated|F3656CC2
afrinic|MG|asn|37303|1|20110316|allocated|F3634AB6
afrinic|GH|asn|37304|1|20110317|allocated|F36C1E3E
afrinic|KE|asn|37305|1|20110318|allocated|F362E790
afrinic|KE|asn|37307|1|20110322|allocated|F36C2E0D
afrinic|NG|asn|37308|1|20110323|allocated|F36479AF
afrinic|GM|asn|37309|1|20110325|allocated|F365062A
afrinic|ZA|asn|37310|1|20110325|allocated|F369F2FA
afrinic|ZA|asn|37311|1|20110329|allocated|F364712F
afrinic|ZA|asn|37312|1|20110330|allocated|F36A339B
afrinic|GH|asn|37313|1|20110401|allocated|F36F5AD9
afrinic|ZA|asn|37314|1|20110406|allocated|F368B07F
afrinic|ZA|asn|37315|1|20110412|allocated|F36C0137
afrinic|ZA|asn|37316|1|20110415|allocated|F36F454B
afrinic|ZA|asn|37317|1|20181012|allocated|F36EC727
afrinic|AO|asn|37318|1|20110418|allocated|F36448FB
afrinic|KE|asn|37319|1|20110419|allocated|F3649D04
afrinic|GH|asn|37320|1|20110420|allocated|F36137AF
afrinic|CG|asn|37322|1|20190211|allocated|F36F51F8
afrinic|GM|asn|37323|1|20110426|allocated|F3611B04
afrinic|MU|asn|37324|1|20110427|allocated|F36F5173
afrinic|GN|asn|37325|1|20131210|allocated|F362C0B7
afrinic|SO|asn|37326|1|20110505|allocated|F36AFFC7
afrinic|MG|asn|37327|1|20110505|allocated|F365ADDB
afrinic|NG|asn|37328|1|20110510|allocated|F36A0B3B
afrinic|ZW|asn|37329|1|20110510|allocated|F365B85A
afrinic|LS|asn|37331|1|20110517|allocated|F369CE00
afrinic|ZW|asn|37332|1|20110523|allocated|F36FD567
afrinic|ZA|asn|37333|1|20110523|allocated|F36D4684
afrinic|ZA|asn|37334|1|20110525|allocated|F36862C7
afrinic|ZA|asn|37335|1|20110526|allocated|F36E2F3B
afrinic|BI|asn|37336|1|20110526|allocated|F36D4BEC
afrinic|GQ|asn|37337|1|20110527|allocated|F364744F
afrinic|KE|asn|37338|1|20110527|allocated|F36310B4
afrinic|EG|asn|37339|1|20110609|allocated|F3699ECE
afrinic|NG|asn|37340|1|20110530|allocated|F36E0F10
afrinic|GH|asn|37341|1|20110530|allocated|F36E3648
afrinic|MZ|asn|37342|1|20110531|allocated|F36C5C25
afrinic|SC|asn|37343|1|20110531|allocated|F36C33BC
afrinic|ZW|asn|37344|1|20110606|allocated|F36FE001
afrinic|NG|asn|37345|1|20110609|allocated|F366388F
afrinic|KE|asn|37346|1|20110612|allocated|F3620C06
afrinic|NG|asn|37347|1|20110614|allocated|F36F715E
afrinic|EG|asn|37348|1|20110614|allocated|F36309CC
afrinic|TZ|asn|37349|1|20110628|allocated|F36EBDD7
afrinic|GH|asn|37350|1|20110629|allocated|F36FCB47
afrinic|TN|asn|37351|1|20110701|allocated|F36434B5
afrinic|ZA|asn|37352|1|20130802|allocated|F36ADFB8
afrinic|ZA|asn|37353|1|20110707|allocated|F3670C40
afrinic|KE|asn|37354|1|20110707|allocated|F3693625
afrinic|ZW|asn|37355|1|20110707|allocated|F3647DDF
afrinic|ZA|asn|37356|1|20110712|allocated|F3656BE0
afrinic|ZA|asn|37357|1|20110713|allocated|F36CA1C4
afrinic|ZA|asn|37358|1|20110713|allocated|F36FE536
afrinic|TZ|asn|37359|1|20110714|allocated|F3696DE6
afrinic|TZ|asn|37362|1|20110720|allocated|F36DF8A5
afrinic|ZA|asn|37363|1|20110721|allocated|F36480E0
afrinic|TZ|asn|37364|1|20110721|allocated|F36C2D58
afrinic|AO|asn|37366|1|20110803|allocated|F3665C5B
afrinic|ZA|asn|37368|1|20110815|allocated|F36311EE
afrinic|NG|asn|37369|1|20110824|allocated|F3655F84
afrinic|SO|asn|37371|1|20110905|allocated|F36424BF
afrinic|GH|asn|37373|1|20110907|allocated|F366AED1
afrinic|ZM|asn|37374|1|20110908|allocated|F3679C83
afrinic|SS|asn|37376|1|20110912|allocated|F3693685
afrinic|NG|asn|37377|1|20110912|allocated|F3646035
afrinic|ZA|asn|37379|1|20110916|allocated|F36FFEB0
afrinic|CI|asn|37381|1|20110923|allocated|F36F8F86
afrinic|AO|asn|37383|1|20111012|allocated|F3680E82
afrinic|AO|asn|37384|1|20111012|allocated|F36987B2
afrinic|NE|asn|37385|1|20111014|allocated|F3665FAA
afrinic|UG|asn|37386|1|20111018|allocated|F36A7B33
afrinic|ZA|asn|37387|1|20111019|allocated|F36F7C77
afrinic|MU|asn|37388|1|20181101|allocated|F3634D22
afrinic|GA|asn|37390|1|20111104|allocated|F365C31F
afrinic|ZW|asn|37391|1|20111107|allocated|F36D556D
afrinic|GH|asn|37392|1|20111107|allocated|F3676C15
afrinic|ZA|asn|37394|1|20111116|allocated|F36D9B5B
afrinic|BW|asn|37395|1|20111117|allocated|F36B35B7
afrinic|NG|asn|37398|1|20111124|allocated|F36178B7
afrinic|ZA|asn|37399|1|20111124|allocated|F366A8BF
afrinic|ZA|asn|37402|1|20111208|allocated|F36276F0
afrinic|ZA|asn|37403|1|20111208|allocated|F36429BB
afrinic|NG|asn|37404|1|20111209|allocated|F364563F
afrinic|NG|asn|37405|1|20111212|allocated|F3634E30
afrinic|SS|asn|37406|1|20111212|allocated|F3647FF0
afrinic|NG|asn|37407|1|20111215|allocated|F36A9BF3
afrinic|UG|asn|37408|1|20111221|allocated|F369463F
afrinic|LR|asn|37410|1|20120118|allocated|F36F387A
afrinic|ZA|asn|37411|1|20120119|allocated|F36F8723
afrinic|ZA|asn|37412|1|20120120|allocated|F363BB47
afrinic|ZA|asn|37413|1|20120120|allocated|F36144D1
afrinic|CD|asn|37414|1|20120126|allocated|F364AE64
afrinic|CD|asn|37415|1|20120131|allocated|F364AE1C
afrinic|NG|asn|37416|1|20120131|allocated|F361B8CF
afrinic|ZA|asn|37417|1|20120203|allocated|F365FBCD
afrinic|SL|asn|37418|1|20120208|allocated|F36F5F67
afrinic|TZ|asn|37419|1|20120209|allocated|F36E0C57
afrinic|NG|asn|37420|1|20120213|allocated|F36A864A
afrinic|KE|asn|37421|1|20120220|allocated|F36BD3A8
afrinic|TZ|asn|37423|1|20120223|allocated|F36FD5A8
afrinic|BJ|asn|37424|1|20120223|allocated|F3677E0A
afrinic|SO|asn|37425|1|20120227|allocated|F36FCE84
afrinic|NG|asn|37426|1|20120229|allocated|F362C1A2
afrinic|GN|asn|37427|1|20120301|allocated|F3679C5D
afrinic|ZA|asn|37428|1|20120307|allocated|F3696A10
afrinic|BI|asn|37429|1|20120308|allocated|F3694DE2
afrinic|GN|asn|37430|1|20120308|allocated|F36E6244
afrinic|CD|asn|37431|1|20120308|allocated|F36CCB4A
afrinic|AO|asn|37432|1|20120315|allocated|F36C10D8
afrinic|NG|asn|37433|1|20120320|allocated|F365052E
afrinic|LS|asn|37434|1|20120321|allocated|F36E5B55
afrinic|MZ|asn|37436|1|20120329|allocated|F363CC98
afrinic|EG|asn|37437|1|20120401|allocated|F36BFAD5
afrinic|ZA|asn|37438|1|20120401|allocated|F3678F63
afrinic|ZA|asn|37439|1|20120412|allocated|F3624118
afrinic|MW|asn|37440|1|20120416|allocated|F36ADBF7
afrinic|ZA|asn|37441|1|20120423|allocated|F36DC7AB
afrinic|ZW|asn|37442|1|20120426|allocated|F3615AAB
afrinic|NG|asn|37443|1|20120427|allocated|F3695CC5
afrinic|EG|asn|37444|1|20120430|allocated|F3628F46
afrinic|NG|asn|37445|1|20120502|allocated|F36E8D0B
afrinic|UG|asn|37446|1|20120508|allocated|F36D7109
afrinic|CD|asn|37447|1|20190213|allocated|F36C34C2
afrinic|AO|asn|37448|1|20120521|allocated|F36D1DB9
afrinic|SL|asn|37449|1|20120521|allocated|F36A3C65
afrinic|MA|asn|37450|1|20120522|allocated|F363998B
afrinic|CG|asn|37451|1|20130529|allocated|F3690C75
afrinic|NG|asn|37452|1|20120524|allocated|F3652E31
afrinic|CD|asn|37453|1|20120604|allocated|F365FABE
afrinic|TZ|asn|37454|1|20120607|allocated|F36879A5
afrinic|MU|asn|37455|1|20120611|allocated|F36AA8F8
afrinic|ZA|asn|37457|1|20120612|allocated|F36ED442
afrinic|ZA|asn|37459|1|20120613|allocated|F3629FF7
afrinic|CF|asn|37460|1|20120614|allocated|F36291E1
afrinic|GN|asn|37461|1|20120614|allocated|F3664CBD
afrinic|TD|asn|37462|1|20120618|allocated|F363AA80
afrinic|CG|asn|37463|1|20120619|allocated|F3620C16
afrinic|NG|asn|37466|1|20120621|allocated|F3685334
afrinic|ET|asn|37467|1|20120702|allocated|F36C06DF
afrinic|AO|asn|37468|1|20120702|allocated|F3626C5B
afrinic|KE|asn|37470|1|20120704|allocated|F367ED87
afrinic|NG|asn|37472|1|20120706|allocated|F367C175
afrinic|SO|asn|37473|1|20120706|allocated|F36CE430
afrinic|ZA|asn|37474|1|20120710|allocated|F36549B1
afrinic|CM|asn|37475|1|20120712|allocated|F3633A63
afrinic|UG|asn|37476|1|20161028|allocated|F3696932
afrinic|MZ|asn|37477|1|20120713|allocated|F364349D
afrinic|GH|asn|37478|1|20120713|allocated|F36695E6
afrinic|ZA|asn|37479|1|20120713|allocated|F365DBE0
afrinic|NG|asn|37480|1|20120715|allocated|F36B0C44
afrinic|CG|asn|37481|1|20120716|allocated|F3692506
afrinic|ZA|asn|37482|1|20120724|allocated|F365FB04
afrinic|CD|asn|37483|1|20120724|allocated|F36C34C2
afrinic|ZA|asn|37484|1|20120724|allocated|F36A8AA3
afrinic|ZW|asn|37485|1|20120730|allocated|F3649311
afrinic|GQ|asn|37487|1|20120803|allocated|F3611B72
afrinic|ZA|asn|37488|1|20120803|allocated|F3649450
afrinic|MZ|asn|37489|1|20120807|allocated|F36B9A81
afrinic|NG|asn|37490|1|20120808|allocated|F366B92E
afrinic|ZA|asn|37491|1|20120814|allocated|F362047D
afrinic|TN|asn|37492|1|20120822|allocated|F3627A08
afrinic|GA|asn|37493|1|20120830|allocated|F36DC5DB
afrinic|NG|asn|37495|1|20120830|allocated|F36D06F2
afrinic|TZ|asn|37496|1|20120918|allocated|F36E8BF7
afrinic|ZA|asn|37497|1|20120921|allocated|F36D5C19
afrinic|KE|asn|37499|1|20120924|allocated|F36A028A
afrinic|ZA|asn|37501|1|20121001|allocated|F36700D1
afrinic|GM|asn|37503|1|20121015|allocated|F3645EEF
afrinic|TN|asn|37504|1|20121015|allocated|F36D5871
afrinic|LS|asn|37505|1|20160817|allocated|F366A786
afrinic|NG|asn|37506|1|20121017|allocated|F362D462
afrinic|GH|asn|37507|1|20121022|allocated|F366C748
afrinic|MR|asn|37508|1|20121024|allocated|F363A60B
afrinic|SZ|asn|37510|1|20121026|allocated|F36F9D1F
afrinic|ZA|asn|37511|1|20121030|allocated|F36AF999
afrinic|GQ|asn|37512|1|20121105|allocated|F3675053
afrinic|NA|asn|37513|1|20121106|allocated|F366CE6F
afrinic|KE|asn|37514|1|20121106|allocated|F3688A43
afrinic|ZA|asn|37515|1|20121106|allocated|F363BEDE
afrinic|CV|asn|37517|1|20121108|allocated|F36B5AAD
afrinic|SC|asn|37518|1|20121108|allocated|F36F6034
afrinic|ZA|asn|37519|1|20121116|allocated|F36ABB63
afrinic|ZA|asn|37520|1|20121112|allocated|F362AF02
afrinic|NG|asn|37521|1|20121112|allocated|F363DFDE
afrinic|NG|asn|37522|1|20121115|allocated|F36FDD86
afrinic|ZA|asn|37523|1|20121120|allocated|F3652C3A
afrinic|GM|asn|37524|1|20121120|allocated|F367927C
afrinic|ZA|asn|37525|1|20121121|allocated|F36F40A7
afrinic|BF|asn|37526|1|20121122|allocated|F36AFFD4
afrinic|ZA|asn|37527|1|20121123|allocated|F3688596
afrinic|NG|asn|37528|1|20121127|allocated|F36AD2B8
afrinic|GQ|asn|37529|1|20121127|allocated|F36858D5
afrinic|NE|asn|37531|1|20121129|allocated|F36B5DA5
afrinic|ZM|asn|37532|1|20121129|allocated|F367DA9B
afrinic|AO|asn|37533|1|20121205|allocated|F36215DA
afrinic|GH|asn|37534|1|20121206|allocated|F366A108
afrinic|KE|asn|37535|1|20121207|allocated|F36C7179
afrinic|BW|asn|37537|1|20121219|allocated|F36596E8
afrinic|MU|asn|37538|1|20121221|allocated|F36DB4B4
afrinic|GH|asn|37539|1|20121221|allocated|F368356F
afrinic|NG|asn|37540|1|20121221|allocated|F368726B
afrinic|MR|asn|37541|1|20130107|allocated|F36834D9
afrinic|ZA|asn|37542|1|20130107|allocated|F3676EF0
afrinic|TD|asn|37544|1|20130115|allocated|F3683DE1
afrinic|BI|asn|37545|1|20130116|allocated|F36AEDA2
afrinic|ZA|asn|37546|1|20130121|allocated|F366715D
afrinic|RW|asn|37547|1|20130122|allocated|F363F7BE
afrinic|CG|asn|37548|1|20130122|allocated|F3692506
afrinic|ZA|asn|37549|1|20130129|allocated|F3688887
afrinic|CG|asn|37550|1|20130204|allocated|F3688609
afrinic|TN|asn|37551|1|20130205|allocated|F36D2155
afrinic|GM|asn|37552|1|20130205|allocated|F369C0F9
afrinic|SC|asn|37553|1|20130205|allocated|F3619F80
afrinic|NG|asn|37555|1|20130211|allocated|F362FEE3
afrinic|MZ|asn|37556|1|20130215|allocated|F36DC7C1
afrinic|LR|asn|37557|1|20130213|allocated|F36F68F4
afrinic|LY|asn|37558|1|20130214|allocated|F36B583C
afrinic|GW|asn|37559|1|20130215|allocated|F3622F05
afrinic|LR|asn|37560|1|20130218|allocated|F36E91CD
afrinic|ZA|asn|37561|1|20130219|allocated|F36FF546
afrinic|EG|asn|37562|1|20130219|allocated|F3651288
afrinic|SO|asn|37563|1|20130221|allocated|F36BC6CC
afrinic|ZA|asn|37564|1|20130223|allocated|F36A44EA
afrinic|NG|asn|37565|1|20130225|allocated|F364A17C
afrinic|LY|asn|37566|1|20130226|allocated|F36368FD
afrinic|NG|asn|37567|1|20130227|allocated|F36914A7
afrinic|ZW|asn|37568|1|20130227|allocated|F36693F7
afrinic|ZM|asn|37569|1|20130304|allocated|F3610668
afrinic|GH|asn|37570|1|20130306|allocated|F3633AE4
afrinic|CD|asn|37571|1|20130311|allocated|F36E951D
afrinic|CG|asn|37573|1|20130315|allocated|F36D0301
afrinic|CV|asn|37575|1|20130318|allocated|F36FBB68
afrinic|TZ|asn|37576|1|20130321|allocated|F361E5BD
afrinic|BF|asn|37577|1|20130321|allocated|F36CB1BE
afrinic|KE|asn|37578|1|20130322|allocated|F36E084C
afrinic|KE|asn|37579|1|20130322|allocated|F36FFC11
afrinic|LR|asn|37580|1|20130325|allocated|F36C6E82
afrinic|GA|asn|37582|1|20130325|allocated|F36D0188
afrinic|EG|asn|37583|1|20130329|allocated|F365509D
afrinic|SS|asn|37584|1|20130409|allocated|F36825D0
afrinic|EG|asn|37585|1|20130329|allocated|F3645D2D
afrinic|BI|asn|37586|1|20130404|allocated|F36D85B5
afrinic|NG|asn|37587|1|20130408|allocated|F3633423
afrinic|NG|asn|37588|1|20130409|allocated|F36E9DB4
afrinic|ZA|asn|37589|1|20130412|allocated|F3663567
afrinic|AO|asn|37590|1|20130416|allocated|F36B85C7
afrinic|NG|asn|37591|1|20130418|allocated|F361A147
afrinic|TZ|asn|37592|1|20130422|allocated|F369D7DD
afrinic|AO|asn|37593|1|20130423|allocated|F36EF7D7
afrinic|SS|asn|37594|1|20130426|allocated|F36EE14C
afrinic|ZA|asn|37596|1|20130516|allocated|F3632FD4
afrinic|ZA|asn|37597|1|20130517|allocated|F3621B43
afrinic|CD|asn|37598|1|20130517|allocated|F3673EE6
afrinic|ZA|asn|37599|1|20130517|allocated|F36D6E6D
afrinic|MU|asn|37600|1|20190718|allocated|F3654F09
afrinic|KE|asn|37601|1|20130724|allocated|F3638AA1
afrinic|TZ|asn|37602|1|20130725|allocated|F36C1FA2
afrinic|AO|asn|37603|1|20130725|allocated|F3691764
afrinic|BW|asn|37604|1|20130729|allocated|F361B707
afrinic|NG|asn|37605|1|20130729|allocated|F3656B37
afrinic|LY|asn|37606|1|20130806|allocated|F3695C96
afrinic|TZ|asn|37607|1|20130807|allocated|F3622B26
afrinic|MG|asn|37608|1|20130813|allocated|F3668A5F
afrinic|CD|asn|37609|1|20130813|allocated|F36DEB99
afrinic|UG|asn|37610|1|20130816|allocated|F3615BDC
afrinic|ZA|asn|37611|1|20130820|allocated|F363520F
afrinic|GN|asn|37612|1|20130820|allocated|F368E67B
afrinic|GH|asn|37613|1|20130823|allocated|F36A41A0
afrinic|YT|asn|37614|1|20130827|allocated|F366E0A4
afrinic|GA|asn|37616|1|20130905|allocated|F364B0C9
afrinic|LS|asn|37617|1|20130911|allocated|F3655AEC
afrinic|ZA|asn|37618|1|20130912|allocated|F36763E5
afrinic|RW|asn|37619|1|20130916|allocated|F363ADF7
afrinic|CM|asn|37620|1|20130916|allocated|F36B84B8
afrinic|ZA|asn|37621|1|20130916|allocated|F36C0137
afrinic|MU|asn|37622|1|20130916|allocated|F36B87F4
afrinic|GH|asn|37623|1|20130916|allocated|F36C781A
afrinic|ZA|asn|37624|1|20130917|allocated|F369049A
afrinic|ZA|asn|37627|1|20130920|allocated|F361609C
afrinic|ZA|asn|37628|1|20130926|allocated|F366C302
afrinic|NG|asn|37629|1|20130926|allocated|F3640DFD
afrinic|ZA|asn|37630|1|20130930|allocated|F3649039
afrinic|SS|asn|37631|1|20131001|allocated|F363859B
afrinic|DZ|asn|37632|1|20130930|allocated|F368363E
afrinic|DZ|asn|37633|1|20130930|allocated|F368363E
afrinic|ZA|asn|37634|1|20130930|allocated|F3682950
afrinic|MZ|asn|37635|1|20131004|allocated|F36CCA89
afrinic|NG|asn|37637|1|20131010|allocated|F36EBFDB
afrinic|CD|asn|37638|1|20131014|allocated|F36A4459
afrinic|ZA|asn|37639|1|20131015|allocated|F36F7374
afrinic|ZA|asn|37640|1|20131016|allocated|F36374C9
afrinic|CM|asn|37641|1|20131021|allocated|F368C020
afrinic|LS|asn|37642|1|20131023|allocated|F36D76CB
afrinic|SO|asn|37644|1|20131025|allocated|F361EE0D
afrinic|AO|asn|37645|1|20131028|allocated|F36A1CEF
afrinic|SS|asn|37646|1|20131031|allocated|F3616FB4
afrinic|GH|asn|37647|1|20131031|allocated|F367B088
afrinic|BF|asn|37648|1|20131105|allocated|F3611BBA
afrinic|SN|asn|37649|1|20131105|allocated|F3687CF2
afrinic|ZA|asn|37650|1|20131106|allocated|F3655EE4
afrinic|MW|asn|37651|1|20131106|allocated|F36EB1C4
afrinic|ZA|asn|37652|1|20131106|allocated|F36C6039
afrinic|ZA|asn|37653|1|20131106|allocated|F3697B77
afrinic|RW|asn|37654|1|20131108|allocated|F36FE49E
afrinic|ZA|asn|37656|1|20131112|allocated|F365CA10
afrinic|NG|asn|37657|1|20131118|allocated|F361ED8C
afrinic|ZA|asn|37658|1|20131118|allocated|F36B2DFE
afrinic|NG|asn|37660|1|20131119|allocated|F36762F9
afrinic|NG|asn|37661|1|20131121|allocated|F36E6DE6
afrinic|MU|asn|37662|1|20131126|allocated|F3673D5E
afrinic|ZA|asn|37663|1|20110926|allocated|F36549B1
afrinic|EG|asn|37664|1|20130520|allocated|F367E9A7
afrinic|GN|asn|37665|1|20130605|allocated|F368C9FB
afrinic|ZA|asn|37666|1|20130605|allocated|F36DBA37
afrinic|ZA|asn|37667|1|20130606|allocated|F36C3C50
afrinic|ZA|asn|37668|1|20110926|allocated|F36549B1
afrinic|GA|asn|37669|1|20130610|allocated|F36F0979
afrinic|ZA|asn|37670|1|20130620|allocated|F3651254
afrinic|TN|asn|37671|1|20130621|allocated|F36371A2
afrinic|CM|asn|37672|1|20130624|allocated|F3618B80
afrinic|ZA|asn|37673|1|20130624|allocated|F36DF4B4
afrinic|MU|asn|37674|1|20130626|allocated|F36AF9EE
afrinic|ZA|asn|37675|1|20130627|allocated|F368E0A9
afrinic|NG|asn|37676|1|20130702|allocated|F3640C3C
afrinic|CD|asn|37677|1|20130708|allocated|F3623FB8
afrinic|BW|asn|37678|1|20130710|allocated|F365F086
afrinic|UG|asn|37679|1|20130712|allocated|F36544F3
afrinic|ZA|asn|37680|1|20130715|allocated|F36FC6C8
afrinic|NG|asn|37682|1|20130718|allocated|F36F0163
afrinic|UG|asn|37683|1|20130718|allocated|F361029A
afrinic|KE|asn|37684|1|20130718|allocated|F36E2B8C
afrinic|KE|asn|37685|1|20130718|allocated|F36C7955
afrinic|NG|asn|37686|1|20130718|allocated|F36B9EC5
afrinic|NG|asn|37687|1|20130723|allocated|F367FE2B
afrinic|NG|asn|37688|1|20130725|allocated|F362F443
afrinic|UG|asn|37689|1|20131127|allocated|F366BCB6
afrinic|GH|asn|37690|1|20131127|allocated|F3672FE2
afrinic|ZA|asn|37691|1|20131128|allocated|F366BA96
afrinic|ZA|asn|37692|1|20131219|allocated|F3682B65
afrinic|TN|asn|37693|1|20140130|allocated|F36C0DEB
afrinic|NA|asn|37694|1|20140522|allocated|F36C7FFC
afrinic|BI|asn|37695|1|20140320|allocated|F361694A
afrinic|SZ|asn|37696|1|20141003|allocated|F3669B1F
afrinic|MZ|asn|37697|1|20140513|allocated|F367EEA2
afrinic|GM|asn|37698|1|20140523|allocated|F36D8BC9
afrinic|ZA|asn|37699|1|20140523|allocated|F36549B1
afrinic|ZA|asn|37700|1|20140523|allocated|F36549B1
afrinic|ZA|asn|37701|1|20140523|allocated|F36549B1
afrinic|NG|asn|37702|1|20140605|allocated|F365D2FB
afrinic|TN|asn|37703|1|20140723|allocated|F368EB20
afrinic|KE|asn|37704|1|20160524|allocated|F36E084C
afrinic|TN|asn|37705|1|20141120|allocated|F364D661
afrinic|TN|asn|37706|1|20150128|allocated|F366CA7F
afrinic|SC|asn|37707|1|20150130|allocated|F368DEDB
afrinic|MU|asn|37708|1|20150210|allocated|F3634D22
afrinic|TN|asn|37709|1|20150212|allocated|F369BA3D
afrinic|TZ|asn|37710|1|20150303|allocated|F36FEA6B
afrinic|BW|asn|37711|1|20150317|allocated|F36BC658
afrinic|MW|asn|37712|1|20150430|allocated|F3643835
afrinic|MW|asn|37713|1|20150513|allocated|F36D6558
afrinic|NG|asn|37714|1|20150715|allocated|F369E115
afrinic|LR|asn|37715|1|20150820|allocated|F364DFE9
afrinic|BF|asn|37716|1|20160429|allocated|F366D2C6
afrinic|TN|asn|37717|1|20160530|allocated|F36A789D
afrinic|CM|asn|37718|1|20161027|allocated|F365F31B
afrinic|TN|asn|37719|1|20170126|allocated|F367B4F3
afrinic|ZA|asn|37720|1|20180528|allocated|F36CB537
afrinic|BF|asn|37721|1|20180928|allocated|F3627A02
afrinic|EG|asn|37726|1|20190411|allocated|F36947B2
afrinic|TZ|asn|37769|1|20160530|allocated|F36FEA6B
afrinic|KE|asn|37770|1|20160616|allocated|F36E084C
afrinic|BW|asn|37771|1|20160617|allocated|F3663395
afrinic|UG|asn|37772|1|20170208|allocated|F36A7B33
afrinic|SN|asn|37773|1|20170331|allocated|F36D04E9
afrinic|TG|asn|37774|1|20170411|allocated|F36692D2
afrinic|DJ|asn|37775|1|20180122|allocated|F36E9F4A
afrinic|ML|asn|37776|1|20180214|allocated|F3698562
afrinic|TZ|asn|37777|1|20180323|allocated|F36FEA6B
afrinic|TZ|asn|37778|1|20180608|allocated|F36FEA6B
afrinic|TZ|asn|37779|1|20180608|allocated|F36FEA6B
afrinic|GA|asn|37780|1|20180829|allocated|F364C013
afrinic|SO|asn|37781|1|20180830|allocated|F36B2197
afrinic|CG|asn|37782|1|20181002|allocated|F3692506
afrinic|NG|asn|37783|1|20181030|allocated|F3698DD0
afrinic|GN|asn|37784|1|20181106|allocated|F361B4FD
afrinic|CD|asn|37785|1|20190325|allocated|F36CCB4A
afrinic|KE|asn|37786|1|20190415|allocated|F36E084C
afrinic|MG|asn|37887|1|20160315|allocated|F3686F75
afrinic|ZA|asn|327683|1|20070515|allocated|F36F62C3
afrinic|NG|asn|327684|1|20070806|allocated|F3638E56
afrinic|MU|asn|327685|1|20081112|allocated|F36C6E89
afrinic|UG|asn|327687|1|20090715|allocated|F362B38E
afrinic|ZA|asn|327688|1|20090922|allocated|F36EED3E
afrinic|KE|asn|327689|1|20091215|allocated|F36A83BB
afrinic|UG|asn|327690|1|20100614|allocated|F3664D67
afrinic|AO|asn|327691|1|20100811|allocated|F3638417
afrinic|UG|asn|327692|1|20100816|allocated|F3664D67
afrinic|ZA|asn|327693|1|20130820|allocated|F3663CEE
afrinic|NA|asn|327694|1|20100928|allocated|F36AB5B3
afrinic|GH|asn|327695|1|20101013|allocated|F36D213C
afrinic|BW|asn|327696|1|20160617|allocated|F3663395
afrinic|RE|asn|327697|1|20160617|allocated|F364321A
afrinic|ZA|asn|327698|1|20110107|allocated|F36F8B26
afrinic|MG|asn|327699|1|20110118|allocated|F3634AB6
afrinic|MZ|asn|327700|1|20110126|allocated|F364A64D
afrinic|ZA|asn|327701|1|20110127|allocated|F36D326F
afrinic|ZA|asn|327703|1|20140820|allocated|F36BDB53
afrinic|NG|asn|327704|1|20110208|allocated|F366388F
afrinic|NG|asn|327705|1|20140909|allocated|F3645501
afrinic|TZ|asn|327706|1|20140812|allocated|F365EBED
afrinic|RW|asn|327707|1|20120529|allocated|F365D727
afrinic|RW|asn|327708|1|20120529|allocated|F365D727
afrinic|SC|asn|327709|1|20120531|allocated|F36C33BC
afrinic|CI|asn|327710|1|20171229|allocated|F36F731F
afrinic|NE|asn|327711|1|20121129|allocated|F36B5DA5
afrinic|DZ|asn|327712|1|20131114|allocated|F3651B12
afrinic|KE|asn|327713|1|20131115|allocated|F368155D
afrinic|TZ|asn|327714|1|20131206|allocated|F36CCADB
afrinic|ZA|asn|327715|1|20131209|allocated|F369ABEA
afrinic|BW|asn|327716|1|20131216|allocated|F363A17B
afrinic|UG|asn|327717|1|20131224|allocated|F369450A
afrinic|TN|asn|327718|1|20131224|allocated|F36D2155
afrinic|GM|asn|327719|1|20140106|allocated|F36D8BC9
afrinic|BI|asn|327720|1|20140116|allocated|F36A06C4
afrinic|NG|asn|327721|1|20140120|allocated|F3635439
afrinic|ML|asn|327722|1|20140122|allocated|F366B41A
afrinic|UG|asn|327724|1|20140129|allocated|F36F1706
afrinic|ST|asn|327725|1|20140130|allocated|F3618F6D
afrinic|ZA|asn|327726|1|20140207|allocated|F3633396
afrinic|UG|asn|327727|1|20140207|allocated|F36BDDB2
afrinic|TZ|asn|327728|1|20140212|allocated|F36D15D0
afrinic|NG|asn|327729|1|20140217|allocated|F3688B35
afrinic|TZ|asn|327730|1|20140217|allocated|F363A3AB
afrinic|SO|asn|327732|1|20140220|allocated|F366C93E
afrinic|ZA|asn|327733|1|20140221|allocated|F36E373D
afrinic|BI|asn|327734|1|20140225|allocated|F36DFA8C
afrinic|LY|asn|327736|1|20140311|allocated|F36E7305
afrinic|ZA|asn|327737|1|20140313|allocated|F3624AA6
afrinic|CD|asn|327738|1|20140313|allocated|F36BB453
afrinic|KE|asn|327740|1|20140326|allocated|F36E084C
afrinic|CM|asn|327741|1|20140327|allocated|F361935C
afrinic|SO|asn|327742|1|20140327|allocated|F36C2681
afrinic|CG|asn|327743|1|20140401|allocated|F36D01F4
afrinic|UG|asn|327744|1|20140403|allocated|F36A61C9
afrinic|ZA|asn|327745|1|20140407|allocated|F36F8EE2
afrinic|CI|asn|327746|1|20140407|allocated|F36D93B1
afrinic|SO|asn|327747|1|20140410|allocated|F36A9B18
afrinic|KE|asn|327748|1|20140415|allocated|F36739A3
afrinic|ZA|asn|327749|1|20140415|allocated|F36F91FF
afrinic|ZA|asn|327750|1|20140415|allocated|F3620ACF
afrinic|ZA|asn|327751|1|20140429|allocated|F36F45BF
afrinic|LY|asn|327752|1|20140429|allocated|F36114AA
afrinic|KE|asn|327753|1|20140807|allocated|F366D193
afrinic|ZA|asn|327754|1|20140501|allocated|F36D289C
afrinic|RW|asn|327755|1|20140502|allocated|F3675C2B
afrinic|TD|asn|327756|1|20140502|allocated|F369438F
afrinic|BW|asn|327757|1|20140505|allocated|F364054B
afrinic|MZ|asn|327759|1|20140516|allocated|F364A8AD
afrinic|BW|asn|327760|1|20140528|allocated|F36C780E
afrinic|ZA|asn|327761|1|20140804|allocated|F364ED5B
afrinic|SZ|asn|327762|1|20140603|allocated|F363EA80
afrinic|NG|asn|327763|1|20140603|allocated|F368468C
afrinic|SO|asn|327764|1|20140609|allocated|F36B2197
afrinic|SZ|asn|327765|1|20140611|allocated|F36723E1
afrinic|KE|asn|327766|1|20140611|allocated|F3623EC5
afrinic|ZA|asn|327767|1|20140613|allocated|F36A6DD7
afrinic|SO|asn|327768|1|20140620|allocated|F366C76D
afrinic|GW|asn|327769|1|20140624|allocated|F36179E1
afrinic|ZW|asn|327770|1|20140624|allocated|F36B32FF
afrinic|TZ|asn|327771|1|20140702|allocated|F36D549D
afrinic|ZA|asn|327772|1|20140703|allocated|F362DA40
afrinic|CI|asn|327773|1|20140703|allocated|F369AB90
afrinic|TZ|asn|327774|1|20140704|allocated|F36A6BA9
afrinic|AO|asn|327775|1|20140707|allocated|F3680E82
afrinic|BW|asn|327776|1|20140716|allocated|F36AC091
afrinic|ZA|asn|327777|1|20140728|allocated|F3659F9C
afrinic|TZ|asn|327778|1|20140730|allocated|F36C0F49
afrinic|KE|asn|327780|1|20140812|allocated|F36C72A2
afrinic|ZA|asn|327781|1|20140818|allocated|F3683DFB
afrinic|ZA|asn|327782|1|20140818|allocated|F361AF55
afrinic|ZA|asn|327783|1|20140716|allocated|F36DA82C
afrinic|NG|asn|327784|1|20140820|allocated|F365F66C
afrinic|SS|asn|327786|1|20140829|allocated|F36A39CE
afrinic|ZA|asn|327787|1|20140829|allocated|F367259E
afrinic|AO|asn|327788|1|20140901|allocated|F3626C5B
afrinic|KE|asn|327789|1|20140902|allocated|F36EC460
afrinic|ZA|asn|327790|1|20140917|allocated|F36FA15D
afrinic|ZA|asn|327791|1|20140917|allocated|F369974A
afrinic|TZ|asn|327792|1|20140919|allocated|F3634D7D
afrinic|KE|asn|327793|1|20140919|allocated|F3692CA8
afrinic|ZA|asn|327794|1|20140922|allocated|F36B5EE7
afrinic|TZ|asn|327795|1|20140922|allocated|F36EC7CE
afrinic|GA|asn|327796|1|20140923|allocated|F364C013
afrinic|CD|asn|327797|1|20140924|allocated|F36E951D
afrinic|BI|asn|327798|1|20140930|allocated|F3677E19
afrinic|BI|asn|327799|1|20141001|allocated|F3617770
afrinic|AO|asn|327801|1|20141001|allocated|F36A9D4C
afrinic|TD|asn|327802|1|20141002|allocated|F36E567D
afrinic|NG|asn|327803|1|20141002|allocated|F36594EA
afrinic|ZA|asn|327804|1|20141010|allocated|F36C8371
afrinic|ZA|asn|327805|1|20141010|allocated|F367FF60
afrinic|AO|asn|327806|1|20141013|allocated|F36C0858
afrinic|ZA|asn|327808|1|20141021|allocated|F36624E2
afrinic|SN|asn|327809|1|20141022|allocated|F36CE60D
afrinic|NG|asn|327810|1|20141029|allocated|F36307AB
afrinic|ZA|asn|327811|1|20141029|allocated|F3646C24
afrinic|ZA|asn|327812|1|20141029|allocated|F36150C1
afrinic|ZA|asn|327813|1|20141030|allocated|F36FD195
afrinic|GH|asn|327814|1|20141030|allocated|F36F0628
afrinic|NA|asn|327815|1|20141030|allocated|F36FF694
afrinic|SL|asn|327816|1|20141030|allocated|F367BF37
afrinic|ZA|asn|327817|1|20141103|allocated|F36A2CD2
afrinic|BJ|asn|327818|1|20141112|allocated|F36B2F8B
afrinic|TZ|asn|327819|1|20141112|allocated|F3610556
afrinic|CM|asn|327820|1|20141113|allocated|F363374A
afrinic|MU|asn|327821|1|20141128|allocated|F36F5173
afrinic|ZA|asn|327822|1|20141202|allocated|F364C81D
afrinic|NG|asn|327823|1|20141205|allocated|F3664D58
afrinic|ZA|asn|327824|1|20141207|allocated|F36AA888
afrinic|ZA|asn|327826|1|20141219|allocated|F36E5F8F
afrinic|SO|asn|327828|1|20141222|allocated|F36F4B39
afrinic|CG|asn|327829|1|20141230|allocated|F36D3DBF
afrinic|BW|asn|327830|1|20150116|allocated|F366A3F4
afrinic|DJ|asn|327831|1|20150119|allocated|F36E9F4A
afrinic|ZA|asn|327832|1|20150127|allocated|F36A62D3
afrinic|AO|asn|327833|1|20150128|allocated|F3670F55
afrinic|TD|asn|327836|1|20150130|allocated|F36F05D6
afrinic|SC|asn|327837|1|20150130|allocated|F368DEDB
afrinic|EG|asn|327838|1|20150202|allocated|F36F2638
afrinic|ZA|asn|327839|1|20150204|allocated|F36DA01D
afrinic|ZA|asn|327840|1|20150212|allocated|F36375C7
afrinic|ZA|asn|327841|1|20150213|allocated|F36D9AFB
afrinic|NA|asn|327842|1|20150216|allocated|F36B228B
afrinic|NG|asn|327843|1|20150223|allocated|F368F545
afrinic|TZ|asn|327844|1|20150224|allocated|F36FEA6B
afrinic|GH|asn|327845|1|20150224|allocated|F362F8BB
afrinic|EG|asn|327846|1|20150225|allocated|F3695F94
afrinic|GH|asn|327848|1|20150226|allocated|F36B9CA6
afrinic|ZA|asn|327849|1|20150226|allocated|F36B95DE
afrinic|ZA|asn|327850|1|20150227|allocated|F36D8637
afrinic|ZA|asn|327851|1|20150227|allocated|F364DC7D
afrinic|TZ|asn|327852|1|20150303|allocated|F36FEA6B
afrinic|GH|asn|327853|1|20150303|allocated|F36D433B
afrinic|TZ|asn|327855|1|20150303|allocated|F36793C0
afrinic|NG|asn|327856|1|20150305|allocated|F364B56E
afrinic|NG|asn|327857|1|20150309|allocated|F36A049B
afrinic|ZA|asn|327858|1|20150309|allocated|F3675752
afrinic|TZ|asn|327859|1|20150309|allocated|F367D68C
afrinic|SC|asn|327861|1|20150316|allocated|F36A18AF
afrinic|CV|asn|327862|1|20150316|allocated|F3629EF0
afrinic|ZW|asn|327863|1|20150316|allocated|F36CDBC1
afrinic|TD|asn|327864|1|20150323|allocated|F36A9DCF
afrinic|NA|asn|327865|1|20150326|allocated|F36407FA
afrinic|MG|asn|327866|1|20150326|allocated|F3686F75
afrinic|ZA|asn|327867|1|20150327|allocated|F3649EC7
afrinic|NG|asn|327869|1|20150407|allocated|F36819B8
afrinic|CD|asn|327870|1|20150407|allocated|F3641110
afrinic|BF|asn|327871|1|20150408|allocated|F36847BC
afrinic|ZA|asn|327872|1|20150409|allocated|F364B494
afrinic|MU|asn|327873|1|20150410|allocated|F36A15D5
afrinic|RE|asn|327874|1|20150416|allocated|F36F5857
afrinic|CD|asn|327875|1|20150506|allocated|F36CCB4A
afrinic|GA|asn|327876|1|20150421|allocated|F36BC237
afrinic|DZ|asn|327877|1|20150424|allocated|F3651479
afrinic|ZA|asn|327878|1|20150424|allocated|F36900DB
afrinic|CD|asn|327879|1|20150504|allocated|F365EE77
afrinic|ZA|asn|327880|1|20150508|allocated|F3690C51
afrinic|SD|asn|327881|1|20150511|allocated|F36582FB
afrinic|KE|asn|327884|1|20150520|allocated|F36B2D16
afrinic|TZ|asn|327885|1|20150521|allocated|F36CEE50
afrinic|GH|asn|327886|1|20160621|allocated|F36BA3CD
afrinic|LR|asn|327887|1|20150525|allocated|F364DFE9
afrinic|TZ|asn|327888|1|20150525|allocated|F3634DD2
afrinic|ZA|asn|327889|1|20150525|allocated|F3668CFE
afrinic|GH|asn|327890|1|20150526|allocated|F366E4FD
afrinic|NG|asn|327891|1|20150528|allocated|F362016F
afrinic|ZA|asn|327892|1|20150531|allocated|F363C3E1
afrinic|ZA|asn|327893|1|20150601|allocated|F36999E0
afrinic|ZA|asn|327894|1|20150604|allocated|F365B5BD
afrinic|NG|asn|327895|1|20150608|allocated|F36E1525
afrinic|ZA|asn|327896|1|20150617|allocated|F3671DBD
afrinic|ZA|asn|327897|1|20150618|allocated|F3659A28
afrinic|NG|asn|327898|1|20150619|allocated|F36DBF13
afrinic|RW|asn|327899|1|20150619|allocated|F363ADF7
afrinic|TZ|asn|327900|1|20150624|allocated|F3660137
afrinic|ZA|asn|327901|1|20150625|allocated|F36C65C6
afrinic|NG|asn|327902|1|20150625|allocated|F3629E8E
afrinic|SL|asn|327903|1|20150626|allocated|F365915B
afrinic|ZM|asn|327904|1|20150626|allocated|F367A972
afrinic|TZ|asn|327905|1|20150626|allocated|F36BABCB
afrinic|KE|asn|327906|1|20150630|allocated|F36145DB
afrinic|ZA|asn|327907|1|20150630|allocated|F361F1DA
afrinic|ZA|asn|327908|1|20150630|allocated|F369FA36
afrinic|ZA|asn|327909|1|20150706|allocated|F363E214
afrinic|ZA|asn|327910|1|20150706|allocated|F362BDD7
afrinic|TZ|asn|327912|1|20150709|allocated|F363B891
afrinic|MU|asn|327913|1|20150710|allocated|F36AF9EE
afrinic|MU|asn|327914|1|20150710|allocated|F36AF9EE
afrinic|NG|asn|327915|1|20150721|allocated|F3640700
afrinic|SS|asn|327916|1|20150729|allocated|F36385DD
afrinic|MA|asn|327917|1|20150730|allocated|F3646DCF
afrinic|AO|asn|327918|1|20150811|allocated|F368EE51
afrinic|MU|asn|327919|1|20150812|allocated|F361A4C4
afrinic|CM|asn|327920|1|20150812|allocated|F362FB1C
afrinic|LY|asn|327921|1|20150819|allocated|F36C3A58
afrinic|ZA|asn|327922|1|20150820|allocated|F363AC2A
afrinic|ZA|asn|327923|1|20150821|allocated|F36C9674
afrinic|NG|asn|327924|1|20150825|allocated|F36389CB
afrinic|GH|asn|327925|1|20150825|allocated|F361835F
afrinic|ZA|asn|327926|1|20150827|allocated|F36BA80D
afrinic|KE|asn|327927|1|20150831|allocated|F36A5B9A
afrinic|GH|asn|327928|1|20150902|allocated|F3613232
afrinic|NG|asn|327929|1|20150911|allocated|F36651B5
afrinic|ZA|asn|327930|1|20150911|allocated|F3685981
afrinic|DZ|asn|327931|1|20150916|allocated|F361D15A
afrinic|AO|asn|327932|1|20150917|allocated|F36AF03D
afrinic|CD|asn|327933|1|20150917|allocated|F36F24B2
afrinic|TN|asn|327934|1|20150922|allocated|F3698627
afrinic|ZA|asn|327935|1|20150923|allocated|F3639B67
afrinic|ZA|asn|327936|1|20150928|allocated|F36C94E7
afrinic|CD|asn|327937|1|20150930|allocated|F3625B45
afrinic|ZA|asn|327939|1|20151001|allocated|F361A35A
afrinic|NG|asn|327940|1|20151006|allocated|F3680089
afrinic|MW|asn|327941|1|20151008|allocated|F3639959
afrinic|NG|asn|327942|1|20151013|allocated|F363CC54
afrinic|ZA|asn|327943|1|20151013|allocated|F3664D8D
afrinic|GH|asn|327944|1|20151019|allocated|F3630C0D
afrinic|KE|asn|327945|1|20151021|allocated|F365FBDA
afrinic|ZA|asn|327946|1|20151021|allocated|F3693F0F
afrinic|GH|asn|327947|1|20151027|allocated|F36C29E6
afrinic|KE|asn|327948|1|20151028|allocated|F3645335
afrinic|ZA|asn|327949|1|20151030|allocated|F36A3D17
afrinic|ZA|asn|327950|1|20151030|allocated|F36B4943
afrinic|MZ|asn|327951|1|20151103|allocated|F3656214
afrinic|NG|asn|327952|1|20151103|allocated|F361161E
afrinic|NG|asn|327953|1|20151103|allocated|F36C1C74
afrinic|ZA|asn|327954|1|20151119|allocated|F3651254
afrinic|GA|asn|327955|1|20151120|allocated|F36FFC9B
afrinic|RE|asn|327956|1|20151123|allocated|F36255E7
afrinic|ZA|asn|327957|1|20151124|allocated|F3632FD4
afrinic|ZA|asn|327958|1|20151125|allocated|F3629FA7
afrinic|ZA|asn|327960|1|20151208|allocated|F36FC328
afrinic|ZA|asn|327961|1|20151209|allocated|F364C09E
afrinic|ZA|asn|327962|1|20151209|allocated|F36767C3
afrinic|KE|asn|327963|1|20151211|allocated|F36E5340
afrinic|GH|asn|327965|1|20151214|allocated|F36A7985
afrinic|ZA|asn|327966|1|20151215|allocated|F3680C14
afrinic|ZA|asn|327967|1|20160113|allocated|F361C8BE
afrinic|ZA|asn|327968|1|20160118|allocated|F363F5B0
afrinic|TN|asn|327969|1|20160127|allocated|F36EBFCA
afrinic|KE|asn|327970|1|20160127|allocated|F36EFECD
afrinic|ZW|asn|327971|1|20160128|allocated|F368E754
afrinic|KE|asn|327972|1|20160217|allocated|F36F1C35
afrinic|UG|asn|327973|1|20160215|allocated|F364CDDD
afrinic|CI|asn|327974|1|20160215|allocated|F36DDAAA
afrinic|TD|asn|327975|1|20160218|allocated|F367955E
afrinic|ZA|asn|327976|1|20160218|allocated|F36FC2A9
afrinic|KE|asn|327977|1|20160223|allocated|F3618813
afrinic|CD|asn|327978|1|20160302|allocated|F36882A1
afrinic|ZA|asn|327979|1|20160303|allocated|F363212D
afrinic|ZA|asn|327980|1|20160303|allocated|F369AFDD
afrinic|NG|asn|327981|1|20160303|allocated|F36B1FB2
afrinic|ZA|asn|327982|1|20160308|allocated|F36E1EE5
afrinic|ZA|asn|327983|1|20160308|allocated|F3651E73
afrinic|ZA|asn|327984|1|20160309|allocated|F362C829
afrinic|NG|asn|327985|1|20160309|allocated|F36FFE79
afrinic|NG|asn|327986|1|20160314|allocated|F36A40DF
afrinic|ZA|asn|327987|1|20160314|allocated|F36F3412
afrinic|ZA|asn|327988|1|20160315|allocated|F3688ADA
afrinic|MA|asn|327989|1|20160318|allocated|F3631D03
afrinic|SL|asn|327990|1|20160322|allocated|F3652B4F
afrinic|ZA|asn|327991|1|20160322|allocated|F36576E8
afrinic|GH|asn|327992|1|20160323|allocated|F36580B0
afrinic|TZ|asn|327993|1|20160324|allocated|F36FB456
afrinic|KE|asn|327994|1|20160330|allocated|F36602A1
afrinic|ZA|asn|327995|1|20160401|allocated|F36B1DE8
afrinic|ZA|asn|327996|1|20160404|allocated|F36E29ED
afrinic|KE|asn|327997|1|20160406|allocated|F367F599
afrinic|ZA|asn|327998|1|20160406|allocated|F36BD683
afrinic|ZA|asn|327999|1|20160413|allocated|F3668CAA
afrinic|CD|asn|328000|1|20160413|allocated|F3663278
afrinic|ZA|asn|328001|1|20160413|allocated|F36DC682
afrinic|NG|asn|328002|1|20160414|allocated|F36F6E9B
afrinic|CD|asn|328003|1|20160414|allocated|F3656ED8
afrinic|CD|asn|328004|1|20160415|allocated|F36699F1
afrinic|ZA|asn|328006|1|20160422|allocated|F36BF9AB
afrinic|ZM|asn|328007|1|20160422|allocated|F3665530
afrinic|MR|asn|328008|1|20160422|allocated|F36BA653
afrinic|ZA|asn|328009|1|20160425|allocated|F36BC5B7
afrinic|BF|asn|328010|1|20160429|allocated|F366D2C6
afrinic|EG|asn|328011|1|20160429|allocated|F367CA21
afrinic|ZA|asn|328013|1|20160506|allocated|F36AF999
afrinic|RW|asn|328014|1|20160510|allocated|F36831A0
afrinic|UG|asn|328015|1|20160510|allocated|F3670EFB
afrinic|ZA|asn|328016|1|20160512|allocated|F36C52E6
afrinic|TZ|asn|328017|1|20160513|allocated|F363410F
afrinic|TZ|asn|328018|1|20160520|allocated|F368E9C8
afrinic|MU|asn|328019|1|20160524|allocated|F3688321
afrinic|ZA|asn|328020|1|20160525|allocated|F362F1CF
afrinic|TZ|asn|328021|1|20160525|allocated|F365F22A
afrinic|TZ|asn|328022|1|20160530|allocated|F36FEA6B
afrinic|ZA|asn|328023|1|20160531|allocated|F3634E24
afrinic|ZA|asn|328024|1|20160531|allocated|F366FF4B
afrinic|CI|asn|328025|1|20160603|allocated|F36BEBB4
afrinic|ZM|asn|328026|1|20160608|allocated|F3672BAA
afrinic|NG|asn|328027|1|20160608|allocated|F36B2496
afrinic|ZA|asn|328028|1|20160608|allocated|F36ED442
afrinic|ZA|asn|328029|1|20160610|allocated|F363CC24
afrinic|ZA|asn|328030|1|20160610|allocated|F36382ED
afrinic|ZA|asn|328032|1|20160614|allocated|F3656177
afrinic|ZA|asn|328033|1|20160614|allocated|F36ACFB7
afrinic|NG|asn|328034|1|20160617|allocated|F3694181
afrinic|NG|asn|328035|1|20160627|allocated|F3654A44
afrinic|ZA|asn|328036|1|20160629|allocated|F366805A
afrinic|ZA|asn|328037|1|20160630|allocated|F36F56CA
afrinic|ZA|asn|328038|1|20160704|allocated|F3614A02
afrinic|ZA|asn|328039|1|20160705|allocated|F367FC4F
afrinic|ZA|asn|328041|1|20160712|allocated|F3614F54
afrinic|ZA|asn|328043|1|20160714|allocated|F36A339B
afrinic|ZA|asn|328045|1|20160715|allocated|F3690C51
afrinic|AO|asn|328046|1|20160719|allocated|F3672CC8
afrinic|ZA|asn|328047|1|20160721|allocated|F369C8FE
afrinic|TN|asn|328048|1|20160725|allocated|F36F7A2C
afrinic|ZA|asn|328049|1|20160729|allocated|F369B304
afrinic|NG|asn|328050|1|20160802|allocated|F36A4050
afrinic|ZA|asn|328051|1|20160802|allocated|F36450C5
afrinic|EG|asn|328052|1|20160805|allocated|F36E96BA
afrinic|NG|asn|328053|1|20160808|allocated|F362C085
afrinic|GH|asn|328054|1|20160809|allocated|F3657FAB
afrinic|MA|asn|328055|1|20160809|allocated|F36FCA07
afrinic|CM|asn|328056|1|20160810|allocated|F36870A9
afrinic|ZA|asn|328057|1|20160810|allocated|F361A501
afrinic|ZA|asn|328058|1|20160810|allocated|F36A988F
afrinic|ZA|asn|328059|1|20160811|allocated|F369942E
afrinic|NG|asn|328060|1|20160818|allocated|F361B6D2
afrinic|KM|asn|328061|1|20160819|allocated|F36C5A07
afrinic|EG|asn|328062|1|20160819|allocated|F3654A5E
afrinic|ZA|asn|328063|1|20160819|allocated|F36D518D
afrinic|ZA|asn|328064|1|20160823|allocated|F36EA051
afrinic|ZA|asn|328065|1|20160830|allocated|F36D3FBB
afrinic|MA|asn|328066|1|20160830|allocated|F36E544E
afrinic|EG|asn|328067|1|20160901|allocated|F36C89CD
afrinic|ZA|asn|328068|1|20160905|allocated|F369BAF0
afrinic|KE|asn|328069|1|20160920|allocated|F3637E88
afrinic|BW|asn|328070|1|20160920|allocated|F36A8388
afrinic|ZA|asn|328072|1|20160923|allocated|F3670369
afrinic|LY|asn|328073|1|20160927|allocated|F3662DAB
afrinic|ZA|asn|328074|1|20160927|allocated|F36733DD
afrinic|TZ|asn|328075|1|20160928|allocated|F36C1437
afrinic|GH|asn|328076|1|20160928|allocated|F36592B4
afrinic|ZA|asn|328077|1|20160930|allocated|F368ECA4
afrinic|ZA|asn|328078|1|20161003|allocated|F363BAC4
afrinic|CF|asn|328079|1|20161003|allocated|F364E282
afrinic|NG|asn|328080|1|20161004|allocated|F36622B6
afrinic|NG|asn|328081|1|20161005|allocated|F368C007
afrinic|ZA|asn|328082|1|20161012|allocated|F363B942
afrinic|AO|asn|328085|1|20161014|allocated|F363305D
afrinic|ZA|asn|328086|1|20161019|allocated|F361D187
afrinic|KE|asn|328087|1|20161025|allocated|F365C7A8
afrinic|ZW|asn|328088|1|20161025|allocated|F36436E2
afrinic|KE|asn|328089|1|20161026|allocated|F3673E34
afrinic|KE|asn|328090|1|20161027|allocated|F3677AAE
afrinic|CM|asn|328091|1|20161027|allocated|F365F31B
afrinic|BJ|asn|328092|1|20161027|allocated|F36776F1
afrinic|KE|asn|328093|1|20161028|allocated|F369AFD9
afrinic|KE|asn|328094|1|20161031|allocated|F364FAB7
afrinic|ZA|asn|328095|1|20161103|allocated|F3644574
afrinic|UG|asn|328096|1|20161109|allocated|F36214D1
afrinic|TZ|asn|328097|1|20161109|allocated|F36B6818
afrinic|BJ|asn|328098|1|20161109|allocated|F3677E0F
afrinic|SN|asn|328099|1|20161111|allocated|F36C659A
afrinic|KE|asn|328100|1|20161114|allocated|F36E084C
afrinic|ZA|asn|328101|1|20161114|allocated|F3699092
afrinic|UG|asn|328102|1|20161116|allocated|F36461BD
afrinic|KE|asn|328103|1|20161118|allocated|F3662D8A
afrinic|TD|asn|328104|1|20161122|allocated|F36C3584
afrinic|EG|asn|328105|1|20161122|allocated|F367F0FC
afrinic|ZA|asn|328106|1|20161123|allocated|F36A7725
afrinic|GN|asn|328107|1|20161123|allocated|F3665C2B
afrinic|GN|asn|328108|1|20161202|allocated|F361B4FD
afrinic|ZA|asn|328109|1|20161202|allocated|F36E2851
afrinic|NG|asn|328110|1|20161208|allocated|F3648186
afrinic|AO|asn|328111|1|20161208|allocated|F365E03D
afrinic|ZA|asn|328112|1|20161214|allocated|F36E1839
afrinic|ZA|asn|328113|1|20161216|allocated|F365D00E
afrinic|ZA|asn|328114|1|20161216|allocated|F369F058
afrinic|CI|asn|328115|1|20161223|allocated|F36CF811
afrinic|MW|asn|328117|1|20161229|allocated|F3665F91
afrinic|UG|asn|328118|1|20170104|allocated|F366B78F
afrinic|ZA|asn|328119|1|20170106|allocated|F365C934
afrinic|ZA|asn|328120|1|20170109|allocated|F36102E9
afrinic|CI|asn|328121|1|20170112|allocated|F36C35B0
afrinic|ZA|asn|328122|1|20170112|allocated|F36DCE43
afrinic|CM|asn|328123|1|20170112|allocated|F368D557
afrinic|GA|asn|328124|1|20170120|allocated|F3652259
afrinic|ZA|asn|328125|1|20170120|allocated|F3674D8F
afrinic|TN|asn|328126|1|20170126|allocated|F3627A08
afrinic|AO|asn|328127|1|20170202|allocated|F366EF4A
afrinic|NG|asn|328128|1|20170207|allocated|F36311CE
afrinic|AO|asn|328129|1|20170207|allocated|F36A19F4
afrinic|ZA|asn|328130|1|20170217|allocated|F36BF7D1
afrinic|NG|asn|328131|1|20170221|allocated|F3658C57
afrinic|KE|asn|328132|1|20170227|allocated|F36128C4
afrinic|BJ|asn|328133|1|20170227|allocated|F36897F5
afrinic|TZ|asn|328134|1|20170301|allocated|F366861D
afrinic|ZA|asn|328135|1|20170303|allocated|F36FB628
afrinic|LR|asn|328136|1|20170308|allocated|F36D6F5D
afrinic|ZA|asn|328137|1|20170308|allocated|F3644DAE
afrinic|BJ|asn|328138|1|20170310|allocated|F36CA445
afrinic|TZ|asn|328139|1|20170313|allocated|F3654F3B
afrinic|GM|asn|328140|1|20170317|allocated|F36FA116
afrinic|GH|asn|328141|1|20170322|allocated|F364FD00
afrinic|KE|asn|328142|1|20170322|allocated|F369507F
afrinic|UG|asn|328143|1|20170322|allocated|F36CB3CA
afrinic|SZ|asn|328144|1|20170324|allocated|F36905B3
afrinic|ZA|asn|328145|1|20170330|allocated|F361842C
afrinic|ZA|asn|328146|1|20170331|allocated|F36B2802
afrinic|SN|asn|328147|1|20170331|allocated|F36D04E9
afrinic|SN|asn|328148|1|20170331|allocated|F36D04E9
afrinic|KE|asn|328149|1|20170405|allocated|F36B52FF
afrinic|ZA|asn|328150|1|20170405|allocated|F361AF55
afrinic|ZA|asn|328151|1|20170405|allocated|F361AF55
afrinic|TG|asn|328152|1|20170411|allocated|F36692D2
afrinic|ZA|asn|328153|1|20170412|allocated|F36AC852
afrinic|AO|asn|328154|1|20170421|allocated|F36C95F1
afrinic|ZA|asn|328155|1|20170421|allocated|F36F7F21
afrinic|ZA|asn|328156|1|20170426|allocated|F36BDA4A
afrinic|ZA|asn|328157|1|20170426|allocated|F36722D4
afrinic|NG|asn|328158|1|20170426|allocated|F3687475
afrinic|SN|asn|328159|1|20170428|allocated|F36CE60D
afrinic|NG|asn|328160|1|20170428|allocated|F367C1FC
afrinic|ZA|asn|328161|1|20170505|allocated|F3660A1A
afrinic|KE|asn|328162|1|20170510|allocated|F36C1E88
afrinic|ZA|asn|328163|1|20170512|allocated|F36A2C47
afrinic|ZA|asn|328164|1|20170515|allocated|F365E0EF
afrinic|AO|asn|328165|1|20170515|allocated|F36C0F3C
afrinic|NG|asn|328166|1|20170515|allocated|F36120C3
afrinic|ZA|asn|328167|1|20170518|allocated|F3642C0F
afrinic|CM|asn|328168|1|20170519|allocated|F3685523
afrinic|SZ|asn|328169|1|20170522|allocated|F36C11E4
afrinic|ZA|asn|328170|1|20170522|allocated|F36A42DF
afrinic|NG|asn|328171|1|20170523|allocated|F3617CB0
afrinic|ZA|asn|328172|1|20170525|allocated|F3610A1D
afrinic|ZA|asn|328173|1|20170525|allocated|F369A27A
afrinic|ZA|asn|328174|1|20170608|allocated|F365C895
afrinic|NG|asn|328175|1|20170608|allocated|F368B3CA
afrinic|ZA|asn|328176|1|20170608|allocated|F365F7E8
afrinic|NG|asn|328177|1|20170608|allocated|F36D34A7
afrinic|ZA|asn|328178|1|20170613|allocated|F3662367
afrinic|ZA|asn|328179|1|20170619|allocated|F365FAAF
afrinic|RW|asn|328180|1|20170619|allocated|F36F5D39
afrinic|BW|asn|328181|1|20170619|allocated|F36984AB
afrinic|GH|asn|328182|1|20170621|allocated|F36F57FA
afrinic|NG|asn|328183|1|20170621|allocated|F36648E8
afrinic|GH|asn|328184|1|20170621|allocated|F36C5EFF
afrinic|GH|asn|328185|1|20170622|allocated|F36850FC
afrinic|ZA|asn|328186|1|20170622|allocated|F3623DA3
afrinic|MZ|asn|328187|1|20170629|allocated|F36679D8
afrinic|NG|asn|328188|1|20170630|allocated|F36F7EC6
afrinic|NG|asn|328189|1|20170630|allocated|F36700DB
afrinic|KE|asn|328190|1|20170704|allocated|F3652F6C
afrinic|ST|asn|328191|1|20170710|allocated|F36EE209
afrinic|KE|asn|328192|1|20170717|allocated|F36D65B9
afrinic|CI|asn|328193|1|20170720|allocated|F36CFFB8
afrinic|ZM|asn|328194|1|20170720|allocated|F3615826
afrinic|RW|asn|328195|1|20170720|allocated|F364CF72
afrinic|LR|asn|328196|1|20170724|allocated|F36C8E53
afrinic|ZA|asn|328197|1|20170724|allocated|F369859B
afrinic|UG|asn|328198|1|20170724|allocated|F369CE4D
afrinic|ZA|asn|328199|1|20170731|allocated|F3642DBC
afrinic|LY|asn|328200|1|20170731|allocated|F364FE7F
afrinic|KE|asn|328201|1|20170807|allocated|F363A8B6
afrinic|ZA|asn|328202|1|20170807|allocated|F36F5F57
afrinic|NG|asn|328203|1|20170807|allocated|F369A5AC
afrinic|ZA|asn|328204|1|20170807|allocated|F3696D51
afrinic|ZA|asn|328205|1|20170807|allocated|F366E079
afrinic|ZA|asn|328206|1|20170811|allocated|F367B3F2
afrinic|GQ|asn|328207|1|20170811|allocated|F36E1086
afrinic|GA|asn|328208|1|20170811|allocated|F3638EAB
afrinic|ZA|asn|328209|1|20170815|allocated|F36F144C
afrinic|ZA|asn|328210|1|20170815|allocated|F367FECC
afrinic|AO|asn|328211|1|20170816|allocated|F369FC5A
afrinic|GH|asn|328212|1|20170818|allocated|F36ABCAD
afrinic|GH|asn|328213|1|20170818|allocated|F3660C14
afrinic|ZA|asn|328214|1|20170823|allocated|F36791E3
afrinic|BF|asn|328215|1|20170823|allocated|F36CFBB0
afrinic|ZA|asn|328216|1|20170829|allocated|F36E8936
afrinic|SZ|asn|328217|1|20170829|allocated|F3640C5F
afrinic|ZA|asn|328218|1|20170829|allocated|F3632159
afrinic|ZA|asn|328220|1|20170831|allocated|F36602BC
afrinic|NG|asn|328221|1|20170906|allocated|F36E00C6
afrinic|ZA|asn|328222|1|20170907|allocated|F36DBA67
afrinic|MZ|asn|328223|1|20170911|allocated|F36894B8
afrinic|GH|asn|328224|1|20170914|allocated|F3680A2D
afrinic|KE|asn|328225|1|20170914|allocated|F36939A6
afrinic|AO|asn|328226|1|20170918|allocated|F36FB904
afrinic|ZA|asn|328227|1|20170927|allocated|F3626CB6
afrinic|BJ|asn|328228|1|20170929|allocated|F36AFE01
afrinic|ZA|asn|328229|1|20170929|allocated|F366C578
afrinic|ZW|asn|328230|1|20170929|allocated|F362A8A7
afrinic|ZA|asn|328231|1|20170929|allocated|F36ABC1B
afrinic|ZA|asn|328232|1|20171005|allocated|F3622001
afrinic|UG|asn|328233|1|20171009|allocated|F36390A9
afrinic|ZA|asn|328234|1|20171013|allocated|F363BFC8
afrinic|ZW|asn|328235|1|20171013|allocated|F3647DDF
afrinic|SL|asn|328236|1|20171024|allocated|F366F1CA
afrinic|ZA|asn|328237|1|20171025|allocated|F3623AE4
afrinic|CD|asn|328238|1|20171025|allocated|F36C8556
afrinic|ZA|asn|328239|1|20171026|allocated|F367DFA4
afrinic|NG|asn|328240|1|20171031|allocated|F366C09A
afrinic|ZA|asn|328241|1|20171103|allocated|F3676729
afrinic|ZA|asn|328242|1|20171106|allocated|F36F18B8
afrinic|ZA|asn|328243|1|20171108|allocated|F36555B2
afrinic|GN|asn|328244|1|20171108|allocated|F363737E
afrinic|BF|asn|328245|1|20171113|allocated|F36E3530
afrinic|ZA|asn|328246|1|20171117|allocated|F3680724
afrinic|ZA|asn|328247|1|20171117|allocated|F36A66B5
afrinic|AO|asn|328248|1|20171124|allocated|F366C4B5
afrinic|CD|asn|328249|1|20171124|allocated|F3624E32
afrinic|SO|asn|328250|1|20171129|allocated|F36BCC19
afrinic|ZA|asn|328251|1|20171129|allocated|F3610845
afrinic|GH|asn|328252|1|20171204|allocated|F36A2F84
afrinic|ML|asn|328253|1|20171208|allocated|F363D469
afrinic|ZA|asn|328254|1|20171208|allocated|F362980C
afrinic|ZA|asn|328255|1|20171208|allocated|F3666CFF
afrinic|NG|asn|328256|1|20171213|allocated|F36F8434
afrinic|ZA|asn|328257|1|20171213|allocated|F36EADB7
afrinic|SL|asn|328258|1|20171219|allocated|F3642481
afrinic|SN|asn|328259|1|20171219|allocated|F363B903
afrinic|ZA|asn|328260|1|20171219|allocated|F36E15DF
afrinic|GH|asn|328261|1|20171219|allocated|F36F2D10
afrinic|ZA|asn|328262|1|20171220|allocated|F366FAD3
afrinic|ZA|asn|328263|1|20171222|allocated|F36CC9E5
afrinic|GH|asn|328264|1|20180105|allocated|F36933AE
afrinic|AO|asn|328265|1|20180110|allocated|F36E0D9B
afrinic|ZA|asn|328266|1|20180115|allocated|F36AB1CD
afrinic|ZA|asn|328267|1|20180116|allocated|F36B40A3
afrinic|MA|asn|328268|1|20180124|allocated|F3624706
afrinic|ZW|asn|328269|1|20180124|allocated|F367496A
afrinic|ZA|asn|328270|1|20180124|allocated|F3625046
afrinic|KE|asn|328271|1|20180124|allocated|F3645721
afrinic|MA|asn|328272|1|20180126|allocated|F36A45F8
afrinic|AO|asn|328273|1|20180129|allocated|F367FE62
afrinic|MZ|asn|328274|1|20180205|allocated|F367F10E
afrinic|ZA|asn|328275|1|20180207|allocated|F36750E0
afrinic|NG|asn|328276|1|20180209|allocated|F3685D36
afrinic|ML|asn|328277|1|20180214|allocated|F3698562
afrinic|ZA|asn|328278|1|20180215|allocated|F36EB6AE
afrinic|LR|asn|328279|1|20180215|allocated|F36BD687
afrinic|MA|asn|328280|1|20180219|allocated|F36D661F
afrinic|ZA|asn|328281|1|20180221|allocated|F363A435
afrinic|TG|asn|328282|1|20180222|allocated|F369A086
afrinic|AO|asn|328283|1|20180226|allocated|F366B0FC
afrinic|ML|asn|328284|1|20180226|allocated|F3689EE4
afrinic|ZA|asn|328285|1|20180309|allocated|F369A625
afrinic|LY|asn|328286|1|20180314|allocated|F369E1AE
afrinic|ZA|asn|328287|1|20180314|allocated|F36E01BD
afrinic|ZA|asn|328288|1|20180316|allocated|F364737D
afrinic|SL|asn|328289|1|20180316|allocated|F36F48E5
afrinic|CI|asn|328290|1|20180316|allocated|F3610D4E
afrinic|ZW|asn|328291|1|20180319|allocated|F36AEE97
afrinic|UG|asn|328292|1|20180321|allocated|F3673318
afrinic|TG|asn|328293|1|20180321|allocated|F3610CA1
afrinic|TZ|asn|328294|1|20180323|allocated|F36FEA6B
afrinic|AO|asn|328295|1|20180326|allocated|F36BE486
afrinic|KE|asn|328296|1|20180326|allocated|F3659C7D
afrinic|SL|asn|328297|1|20180326|allocated|F36F7B44
afrinic|KE|asn|328298|1|20180328|allocated|F36702EE
afrinic|EG|asn|328299|1|20180328|allocated|F36FE527
afrinic|MW|asn|328300|1|20180330|allocated|F36205A6
afrinic|KE|asn|328301|1|20180330|allocated|F362D1F1
afrinic|KE|asn|328302|1|20180330|allocated|F3630A8C
afrinic|GH|asn|328303|1|20180404|allocated|F3612F3C
afrinic|GA|asn|328304|1|20180409|allocated|F36300A1
afrinic|NG|asn|328305|1|20180411|allocated|F366DD1F
afrinic|ZA|asn|328306|1|20180413|allocated|F36B6ED4
afrinic|TN|asn|328307|1|20180420|allocated|F365BF1C
afrinic|EG|asn|328308|1|20180420|allocated|F3618880
afrinic|NG|asn|328309|1|20180420|allocated|F36ECAA2
afrinic|TD|asn|328310|1|20180425|allocated|F369C3F1
afrinic|GQ|asn|328311|1|20180430|allocated|F369D6F1
afrinic|ZA|asn|328312|1|20180507|allocated|F3693767
afrinic|ZA|asn|328313|1|20180507|allocated|F3674DD3
afrinic|ZA|asn|328314|1|20180511|allocated|F36102E9
afrinic|ZA|asn|328315|1|20180511|allocated|F3699FF3
afrinic|BF|asn|328316|1|20180514|allocated|F36FDDCF
afrinic|ZA|asn|328317|1|20180514|allocated|F36DA693
afrinic|ML|asn|328318|1|20180523|allocated|F3687730
afrinic|SO|asn|328319|1|20180528|allocated|F361709A
afrinic|ZA|asn|328320|1|20180530|allocated|F367C385
afrinic|LR|asn|328321|1|20180601|allocated|F364155F
afrinic|GH|asn|328322|1|20180601|allocated|F3632EFC
afrinic|ZA|asn|328323|1|20180604|allocated|F36FB872
afrinic|NG|asn|328324|1|20180608|allocated|F3617284
afrinic|TZ|asn|328325|1|20180608|allocated|F36FEA6B
afrinic|TZ|asn|328326|1|20180608|allocated|F36FEA6B
afrinic|ZA|asn|328327|1|20180611|allocated|F3621C06
afrinic|ZM|asn|328328|1|20180611|allocated|F361766E
afrinic|CG|asn|328329|1|20180618|allocated|F3692506
afrinic|BF|asn|328330|1|20180625|allocated|F36EEB6B
afrinic|KE|asn|328331|1|20180627|allocated|F3654AD1
afrinic|NG|asn|328332|1|20180627|allocated|F362DADD
afrinic|ZA|asn|328333|1|20180629|allocated|F3641E9A
afrinic|ZA|asn|328334|1|20180709|allocated|F367426A
afrinic|ZA|asn|328335|1|20180709|allocated|F36956BB
afrinic|ZA|asn|328336|1|20180709|allocated|F36B8EEC
afrinic|ZA|asn|328337|1|20180716|allocated|F36B70EF
afrinic|ZA|asn|328338|1|20180716|allocated|F362C983
afrinic|ZA|asn|328339|1|20180718|allocated|F361E6A3
afrinic|MU|asn|328340|1|20180718|allocated|F36DDD39
afrinic|ZA|asn|328341|1|20180720|allocated|F3614ABB
afrinic|ZA|asn|328342|1|20180720|allocated|F36FF35D
afrinic|BW|asn|328343|1|20180723|allocated|F361CD46
afrinic|CD|asn|328344|1|20180727|allocated|F36D7FB7
afrinic|ZA|asn|328345|1|20180801|allocated|F367D9E1
afrinic|ZA|asn|328346|1|20180801|allocated|F36C4AD7
afrinic|ZA|asn|328347|1|20180810|allocated|F36C2823
afrinic|BW|asn|328348|1|20180813|allocated|F365BE6B
afrinic|ZA|asn|328349|1|20180813|allocated|F3690356
afrinic|ZA|asn|328350|1|20180814|allocated|F361B08D
afrinic|ZA|asn|328351|1|20180817|allocated|F36D4BDD
afrinic|CM|asn|328352|1|20180817|allocated|F3629E72
afrinic|GH|asn|328353|1|20180817|allocated|F36916D8
afrinic|KE|asn|328354|1|20180817|allocated|F366AB1A
afrinic|CI|asn|328355|1|20180817|allocated|F364D19A
afrinic|ZA|asn|328356|1|20180822|allocated|F366200B
afrinic|NG|asn|328357|1|20180822|allocated|F36FC6AF
afrinic|UG|asn|328358|1|20180828|allocated|F3623193
afrinic|ZA|asn|328359|1|20180828|allocated|F369D56C
afrinic|ZA|asn|328360|1|20180829|allocated|F36894B7
afrinic|ZA|asn|328361|1|20180829|allocated|F368D59F
afrinic|NG|asn|328362|1|20180829|allocated|F369013C
afrinic|SO|asn|328363|1|20180830|allocated|F36B2197
afrinic|ZA|asn|328364|1|20180831|allocated|F36B180B
afrinic|ZA|asn|328365|1|20180831|allocated|F36940B5
afrinic|ZA|asn|328366|1|20180903|allocated|F367F26D
afrinic|GH|asn|328367|1|20180904|allocated|F366F980
afrinic|AO|asn|328368|1|20180907|allocated|F362A54C
afrinic|SL|asn|328369|1|20180907|allocated|F3692C94
afrinic|ZA|asn|328370|1|20180912|allocated|F3658075
afrinic|ZA|asn|328371|1|20180913|allocated|F3637228
afrinic|GH|asn|328372|1|20180919|allocated|F36C2955
afrinic|ZA|asn|328373|1|20180919|allocated|F3652814
afrinic|ZA|asn|328374|1|20180921|allocated|F361B0C9
afrinic|ZA|asn|328375|1|20180926|allocated|F36968B1
afrinic|NG|asn|328376|1|20180928|allocated|F36F1964
afrinic|ZA|asn|328377|1|20180928|allocated|F36C58D6
afrinic|CG|asn|328379|1|20181002|allocated|F3692506
afrinic|KE|asn|328380|1|20181003|allocated|F364227F
afrinic|SD|asn|328381|1|20181010|allocated|F36B5804
afrinic|MZ|asn|328382|1|20181010|allocated|F36B0940
afrinic|SC|asn|328383|1|20181010|allocated|F36E1388
afrinic|ZA|asn|328384|1|20181012|allocated|F368FA6A
afrinic|RW|asn|328385|1|20181012|allocated|F36EA4A9
afrinic|ZA|asn|328386|1|20181015|allocated|F3664674
afrinic|NG|asn|328387|1|20181017|allocated|F3651686
afrinic|ZA|asn|328388|1|20181019|allocated|F3664F7B
afrinic|BF|asn|328389|1|20181022|allocated|F36D6D4A
afrinic|ZA|asn|328390|1|20181023|allocated|F36F1916
afrinic|ZA|asn|328391|1|20181024|allocated|F36DB735
afrinic|KE|asn|328392|1|20181024|allocated|F36AD225
afrinic|DZ|asn|328393|1|20181024|allocated|F36B4B44
afrinic|TN|asn|328394|1|20181026|allocated|F3679222
afrinic|NG|asn|328395|1|20181030|allocated|F3698DD0
afrinic|NG|asn|328396|1|20181101|allocated|F3627DBD
afrinic|ZA|asn|328397|1|20181105|allocated|F3639CE0
afrinic|GN|asn|328398|1|20181106|allocated|F361B4FD
afrinic|ZA|asn|328399|1|20181109|allocated|F36DFA7F
afrinic|ZA|asn|328400|1|20181112|allocated|F36C33BB
afrinic|NG|asn|328401|1|20181116|allocated|F36D3290
afrinic|NG|asn|328402|1|20181123|allocated|F369D50A
afrinic|MW|asn|328403|1|20181126|allocated|F36162E8
afrinic|ZA|asn|328404|1|20181126|allocated|F3690C51
afrinic|EG|asn|328405|1|20181126|allocated|F36E2475
afrinic|CI|asn|328406|1|20181128|allocated|F365C439
afrinic|CD|asn|328407|1|20181128|allocated|F368D501
afrinic|UG|asn|328408|1|20181128|allocated|F3635BB6
afrinic|ZA|asn|328409|1|20181203|allocated|F366BD49
afrinic|ZA|asn|328410|1|20181207|allocated|F361ED63
afrinic|MG|asn|328411|1|20181212|allocated|F369B7F9
afrinic|NG|asn|328412|1|20181212|allocated|F3637685
afrinic|NG|asn|328413|1|20181220|allocated|F366E8E7
afrinic|TN|asn|328414|1|20181221|allocated|F36FC151
afrinic|NG|asn|328415|1|20181221|allocated|F365B06C
afrinic|ML|asn|328416|1|20181228|allocated|F36D8BE2
afrinic|ZA|asn|328417|1|20190109|allocated|F366B893
afrinic|ZA|asn|328418|1|20190116|allocated|F36172F1
afrinic|NG|asn|328419|1|20190116|allocated|F36F6D9C
afrinic|ZM|asn|328420|1|20190118|allocated|F3619CD9
afrinic|SD|asn|328421|1|20190118|allocated|F36582FB
afrinic|ZA|asn|328422|1|20190125|allocated|F36D8D30
afrinic|ZA|asn|328423|1|20190128|allocated|F36ED057
afrinic|BF|asn|328424|1|20190128|allocated|F36CC935
afrinic|CG|asn|328425|1|20190130|allocated|F368972B
afrinic|ZA|asn|328426|1|20190131|allocated|F3656B95
afrinic|ZM|asn|328427|1|20190131|allocated|F36FE1EA
afrinic|GH|asn|328428|1|20190131|allocated|F3635A97
afrinic|GA|asn|328429|1|20190206|allocated|F365AF06
afrinic|EG|asn|328430|1|20190206|allocated|F362D110
afrinic|ZA|asn|328431|1|20190206|allocated|F36BCFB3
afrinic|BF|asn|328432|1|20190208|allocated|F362F37F
afrinic|ZA|asn|328433|1|20190211|allocated|F36E726B
afrinic|ZA|asn|328434|1|20190211|allocated|F3625A15
afrinic|SO|asn|328435|1|20190214|allocated|F363336F
afrinic|TZ|asn|328436|1|20190214|allocated|F365BE49
afrinic|ZA|asn|328437|1|20190218|allocated|F36CF0F7
afrinic|KE|asn|328438|1|20190220|allocated|F3680C99
afrinic|GH|asn|328439|1|20190220|allocated|F36A127E
afrinic|CV|asn|328440|1|20190221|allocated|F3664D90
afrinic|ZA|asn|328441|1|20190222|allocated|F366553A
afrinic|CD|asn|328442|1|20190225|allocated|F365C754
afrinic|CD|asn|328443|1|20190301|allocated|F368D658
afrinic|ZA|asn|328444|1|20190301|allocated|F36C6CA3
afrinic|CD|asn|328445|1|20190301|allocated|F36E5884
afrinic|ZA|asn|328446|1|20190311|allocated|F3663C93
afrinic|NG|asn|328447|1|20190311|allocated|F36DAB93
afrinic|BF|asn|328448|1|20190313|allocated|F36772B8
afrinic|ZA|asn|328449|1|20190313|allocated|F363E823
afrinic|ZA|asn|328450|1|20190318|allocated|F36817F4
afrinic|NG|asn|328451|1|20190318|allocated|F3642405
afrinic|CD|asn|328452|1|20190325|allocated|F36CCB4A
afrinic|ZA|asn|328453|1|20190328|allocated|F3610674
afrinic|GH|asn|328454|1|20190327|allocated|F36E764F
afrinic|ZA|asn|328455|1|20190328|allocated|F3671393
afrinic|ZA|asn|328456|1|20190329|allocated|F361FDEB
afrinic|NG|asn|328457|1|20190329|allocated|F3649F7F
afrinic|EG|asn|328458|1|20190403|allocated|F364838E
afrinic|BW|asn|328459|1|20190403|allocated|F36D987F
afrinic|MZ|asn|328460|1|20190403|allocated|F3687FE8
afrinic|ZA|asn|328461|1|20190403|allocated|F36E61B7
afrinic|UG|asn|328462|1|20190403|allocated|F364E87F
afrinic|TG|asn|328463|1|20190404|allocated|F36BD97C
afrinic|ZA|asn|328464|1|20190410|allocated|F36E68C0
afrinic|KE|asn|328465|1|20190412|allocated|F36DBEB6
afrinic|KE|asn|328466|1|20190412|allocated|F36ADED3
afrinic|ZA|asn|328467|1|20190417|allocated|F362793F
afrinic|ZA|asn|328468|1|20190417|allocated|F3639454
afrinic|SO|asn|328469|1|20190417|allocated|F365E09B
afrinic|CD|asn|328470|1|20190417|allocated|F3644A18
afrinic|ZA|asn|328471|1|20190419|allocated|F36DBAE4
afrinic|BF|asn|328472|1|20190419|allocated|F3658FD1
afrinic|ZA|asn|328473|1|20190422|allocated|F365F239
afrinic|ZA|asn|328474|1|20190422|allocated|F36C6E7C
afrinic|KE|asn|328475|1|20190422|allocated|F361F5C9
afrinic|MU|asn|328476|1|20190424|allocated|F367B9AE
afrinic|KE|asn|328477|1|20190426|allocated|F36F12E6
afrinic|TZ|asn|328478|1|20190430|allocated|F36A3DB7
afrinic|KE|asn|328479|1|20190506|allocated|F3679532
afrinic|ZA|asn|328480|1|20190508|allocated|F3652893
afrinic|CM|asn|328481|1|20190508|allocated|F362FB1C
afrinic|KE|asn|328482|1|20190513|allocated|F36993D4
afrinic|ZA|asn|328483|1|20190513|allocated|F36F5B9D
afrinic|EG|asn|328484|1|20190515|allocated|F3654792
afrinic|GA|asn|328485|1|20190515|allocated|F3643EF0
afrinic|ZA|asn|328486|1|20190515|allocated|F36C0DA7
afrinic|ZA|asn|328487|1|20190515|allocated|F36FC988
afrinic|GM|asn|328488|1|20190522|allocated|F36B913F
afrinic|MW|asn|328489|1|20190522|allocated|F36EB1C4
afrinic|KE|asn|328490|1|20190522|allocated|F368948B
afrinic|SS|asn|328491|1|20190527|allocated|F36B9DBB
afrinic|ZA|asn|328492|1|20190527|allocated|F3692425
afrinic|MA|asn|328493|1|20190529|allocated|F36BD926
afrinic|GH|asn|328494|1|20190603|allocated|F36D45E3
afrinic|AO|asn|328495|1|20190606|allocated|F36DCF9E
afrinic|NG|asn|328496|1|20190606|allocated|F36CAE5A
afrinic|NG|asn|328497|1|20190607|allocated|F36B1EE5
afrinic|ZA|asn|328498|1|20190614|allocated|F36C6C13
afrinic|TZ|asn|328499|1|20190618|allocated|F3638C76
afrinic|CG|asn|328500|1|20190624|allocated|F366D2ED
afrinic|ZA|asn|328501|1|20190624|allocated|F3662F58
afrinic|GA|asn|328502|1|20190626|allocated|F36217DF
afrinic|NG|asn|328503|1|20190626|allocated|F36FF74C
afrinic|TZ|asn|328504|1|20190626|allocated|F363849A
afrinic|ZA|asn|328505|1|20190628|allocated|F363AEF2
afrinic|NA|asn|328506|1|20190628|allocated|F36F1C5A
afrinic|ZA|asn|328507|1|20190628|allocated|F36285D3
afrinic|NG|asn|328508|1|20190701|allocated|F368EBCC
afrinic|AO|asn|328509|1|20190701|allocated|F36BE261
afrinic|ZA|asn|328510|1|20190701|allocated|F36E94D7
afrinic|ZA|asn|328511|1|20190704|allocated|F365D370
afrinic|ZA|asn|328512|1|20190705|allocated|F366C124
afrinic|ZA|asn|328513|1|20190709|allocated|F363E7BF
afrinic|TZ|asn|328514|1|20190718|allocated|F36CCCFC
afrinic|TD|asn|328515|1|20190719|allocated|F366C79A
afrinic|NG|asn|328516|1|20190722|allocated|F363A843
afrinic|ZA|asn|328517|1|20190725|allocated|F3630D7E
